Country,2010,2011,2012,2013,2014,2015,2016,2017,2018,2019,2020
Aruba,2453631285,2637988827,2615083799,2727932961,2791061453,2963128492,2983798883,3092178771,3202234637,3310055866,2496648045
Africa Eastern and Southern,860478000000,964418000000,973043000000,983937000000,1003680000000,924253000000,882355000000,1020650000000,991022000000,997534000000,921646000000
Afghanistan,15856678596,17805113119,19907317066,20146404996,20497126770,19134211764,18116562465,18753469630,18053228579,18799450743,20116137326
Africa Western and Central,591596000000,670983000000,727570000000,820793000000,864990000000,760734000000,690546000000,683749000000,741690000000,794543000000,784446000000
Angola,81699556137,109437000000,124998000000,133402000000,137244000000,87219290029,49840494026,68972763787,77792940077,69309104807,53619071176
Albania,11926922829,12890764531,12319830437,12776220507,13228147516,11386850130,11861199831,13019689337,15156432310,15401830754,15131866271
Andorra,3449925739,3629133574,3188652765,3193512950,3271685597,2789881259,2896610480,3000162081,3218419897,3155149348,2891001149
Arab World,2327010000000,2547960000000,2778080000000,2834610000000,2876010000000,2518700000000,2495860000000,2584100000000,2785880000000,2808100000000,2496250000000
United Arab Emirates,289787000000,350666000000,374591000000,390108000000,403137000000,358135000000,357045000000,385606000000,422215000000,417216000000,358869000000
Argentina,423627000000,530163000000,545982000000,552025000000,526320000000,594749000000,557531000000,643629000000,524820000000,452818000000,389591000000
Armenia,9260284938,10142111334,10619320049,11121465767,11609512940,10553337673,10546135160,11527458566,12457941907,13619291361,12641209802
American Samoa,573000000,570000000,640000000,638000000,643000000,673000000,671000000,612000000,639000000,648000000,709000000
Antigua and Barbuda,1148700000,1137637037,1199948148,1181448148,1249733333,1336692593,1436585185,1467977778,1605944444,1687533333,1370281481
Australia,1147590000000,1397910000000,1546510000000,1576340000000,1467500000000,1350530000000,1206690000000,1326880000000,1428530000000,1391950000000,1327840000000
Austria,392275000000,431685000000,409402000000,430191000000,442585000000,381971000000,395837000000,417261000000,455168000000,445012000000,433258000000
Azerbaijan,52909294792,65951627200,69683935845,74164435946,75244294275,53074370486,37867518957,40865558912,47112941176,48174235294,42693000000
Burundi,2032135247,2235820868,2333341375,2451606684,2705783272,3104003611,2639321196,2712324087,2660123624,2581268126,2780510625
Belgium,481421000000,523330000000,496153000000,521791000000,535390000000,462336000000,476063000000,502765000000,543347000000,535376000000,521677000000
Benin,9535344283,10693321954,11141358945,12517845732,13284528654,11388160958,11821066153,12701654743,14262407011,14391686633,15651545332
Burkina Faso,10109618964,12080296644,12561016091,13444301139,13943016924,11832159276,12833363370,14106956830,15890065020,16178162030,17933606353
Bangladesh,115279000000,128638000000,133356000000,149990000000,172885000000,195079000000,265236000000,293755000000,321379000000,351238000000,373902000000
Bulgaria,50682061053,57678241024,54300857424,55810138436,57082011260,50781996713,53953897624,59199447421,66363422450,68915416142,69889347433
Bahrain,25713271277,28776595745,30749308511,32539468085,33387712766,31050638298,32234973404,35473776596,37802005319,38653318085,34723357447
"Bahamas, The",10095760000,10070450000,10720500000,10562800000,11176100000,11861900000,11834600000,12357600000,12755800000,13192800000,9699500000
Bosnia and Herzegovina,17176781066,18644723861,17221192487,18172335776,18560861398,16219819344,16914287593,18079076427,20177422311,20201323283,19955120005
Belarus,57222490769,61757788945,65685102555,75527984234,78813839984,56454734397,47722657821,54726595249,60031262269,64409647194,61489588895
Belize,1387925188,1466822039,1531348953,1581844936,1676406802,1734320479,1796928937,1844906693,1887465218,1945250236,1585631670
Bermuda,6634526000,6312691000,6378188000,6465756000,6413988000,6654541000,6899911000,7142316000,7225977000,7423465000,6881662000
Bolivia,19649631308,23963033429,27084497482,30659338886,32996188017,33000198249,33941126194,37508642171,40287647931,40895322851,36629843806
Brazil,2208840000000,2616160000000,2465230000000,2472820000000,2456040000000,1802210000000,1795690000000,2063510000000,1916930000000,1873290000000,1448570000000
Barbados,4529928302,4657699461,4610095998,4677248302,4696344342,4724691213,4832811756,4981588900,5097283213,5304164323,4689534962
Brunei Darussalam,13707370737,18525319978,19047940301,18093829923,17098342541,12930394938,11400854268,12128104859,13567351175,13469422959,12005825770
Bhutan,1547991318,1777101317,1781281282,1756215665,1907090813,2003598213,2158972129,2450364928,2446866405,2535657069,2315436303
Botswana,12786654498,15351972361,14380004175,14901750991,15654660710,13578754072,15082578065,16088437675,16914245098,16695925027,14930072799
Central African Republic,2142591376,2437982840,2510126699,1691544192,1894813505,1695825708,1825018191,2072349974,2220978978,2221301401,2326720921
Canada,1617340000000,1793330000000,1828370000000,1846600000000,1805750000000,1556510000000,1527990000000,1649270000000,1725330000000,1742020000000,1645420000000
Central Europe and the Baltics,1318170000000,1449340000000,1353320000000,1422760000000,1465930000000,1293060000000,1321560000000,1464530000000,1645460000000,1673860000000,1654920000000
Switzerland,603434000000,722038000000,692110000000,712748000000,734397000000,702150000000,695601000000,704479000000,735539000000,731767000000,752248000000
Chile,217105000000,251225000000,267176000000,277239000000,259405000000,242497000000,249299000000,276365000000,295403000000,278585000000,252727000000
China,6087160000000,7551500000000,8532230000000,9570410000000,10475700000000,11061600000000,11233300000000,12310400000000,13894800000000,14279900000000,14687700000000
Cote d'Ivoire,34936305297,36693712825,36302305578,42760237561,48843008580,45814637971,47964234560,51588158718,58011466451,58539424930,61348579465
Cameroon,27507499709,30630912185,30155064574,33728622819,36386546918,32210232912,33814337900,36098550142,39973839065,39670977333,40804449726
"Congo, Dem. Rep.",21565720044,25839749199,29306235826,32679745298,35909040266,37917704900,37134799975,38019265626,47568210068,51775830726,48716960860
"Congo, Rep.",13148396206,15655383586,17692911281,17958720704,17912907682,11890259177,10219341017,11094823677,13670038020,12750338736,10483151094
Colombia,286563000000,334944000000,370921000000,382116000000,381112000000,293482000000,282825000000,311884000000,334198000000,323110000000,270300000000
Comoros,907978723.5,1023086184,1015843369,1116224161,1149587652,966029542,1012835518,1077439663,1188797575,1195019559,1223876065
Cabo Verde,1664310770,1865915544,1741809809,1850470042,1859898513,1596800287,1663008687,1769787215,1966501118,1981845741,1703698677
Costa Rica,37658614803,42762617082,47231651863,50949672206,52016408951,56441917653,58847016045,60516043590,62420165100,64417670083,62158002233
Caribbean small states,64592893104,69730495218,72141071446,73521446002,74620404150,73535009882,69478366695,72533236071,75431169088,77023818121,65922853041
Cuba,59562962963,68990000000,73141000000,77148000000,80656000000,87133000000,91370000000,96851000000,100050000000,103428000000,107352000000
Cayman Islands,4156990816,4186223865,4291158968,4405954696,4563017852,4708336756,4909498943,5166467287,5530377593,5943589096,5608989196
Cyprus,25732432719,27565469098,24978513427,23900872626,23156850007,19842404305,20953442550,22870833710,25522671233,25758357775,24692095945
Czech Republic,209070000000,229563000000,208858000000,211686000000,209359000000,188033000000,196272000000,218629000000,248950000000,252498000000,245339000000
Germany,3399670000000,3749310000000,3527140000000,3733800000000,3889090000000,3357590000000,3469850000000,3690850000000,3977290000000,3888330000000,3846410000000
Djibouti,1128611700,1239144502,1353632942,2042817163,2214679081,2424391785,2604955229,2762581334,2913466732,3088853639,3181071154
Dominica,493825925.9,501025925.9,485996296.3,498296296.3,520207407.4,540737037,576229629.6,521551851.9,554770370.4,611537037,504214814.8
Denmark,321995000000,344003000000,327149000000,343584000000,352994000000,302673000000,313116000000,332121000000,356841000000,347561000000,356085000000
Dominican Republic,53860175556,58029750746,60681537196,62682163837,67179914027,71164825257,75704720190,79997975622,85555378043,88941299734,78844702329
Algeria,161207000000,200013000000,209059000000,209755000000,213810000000,165979000000,160034000000,170097000000,174911000000,171767000000,145009000000
East Asia & Pacific (excluding high income),7889430000000,9645510000000,10759200000000,11871100000000,12798800000000,13327600000000,13612400000000,14877300000000,16639000000000,17203900000000,17483800000000
Early-demographic dividend,8800870000000,9720070000000,10153500000000,10295600000000,10648300000000,10129000000000,10454400000000,11291300000000,11401100000000,11643800000000,10841700000000
East Asia & Pacific,17063300000000,19788700000000,21171200000000,21409800000000,22085300000000,21997100000000,22772100000000,24325200000000,26481000000000,27024100000000,27118700000000
Europe & Central Asia (excluding high income),2953060000000,3670010000000,3914700000000,4150220000000,3845830000000,2921400000000,2777730000000,3118190000000,3182530000000,3249710000000,2980730000000
Europe & Central Asia,21025800000000,23314100000000,22462300000000,23481200000000,23811900000000,20513300000000,20453700000000,21680200000000,23224100000000,22941600000000,22133900000000
Ecuador,69555367000,79276664000,87924544000,95129659000,101726000000,99290381000,99937696000,104296000000,107562000000,108108000000,99291124000
"Egypt, Arab Rep.",218984000000,235990000000,279117000000,288434000000,305595000000,329367000000,332442000000,235734000000,249713000000,303081000000,365253000000
Euro area,12641300000000,13637400000000,12638200000000,13195400000000,13508900000000,11674400000000,11972500000000,12677700000000,13699400000000,13416100000000,13027300000000
Spain,1422110000000,1480710000000,1324740000000,1355140000000,1371220000000,1195600000000,1232910000000,1312540000000,1420990000000,1393050000000,1281480000000
Estonia,19523477326,23213994093,23019150071,25115753366,26634083965,22890762090,24072829277,26924385103,30489500905,31045591753,30650285472
Ethiopia,29933790334,31952763089,43310721414,47648211133,55612228234,64589334979,74296618481,81770791971,84269348327,95912590628,107658000000
European Union,14557600000000,15759500000000,14636200000000,15299700000000,15652100000000,13551900000000,13893200000000,14766300000000,15978700000000,15691900000000,15300100000000
Fragile and conflict affected situations,1704880000000,1585690000000,1775660000000,1841570000000,2003050000000,1626310000000,1508060000000,1580890000000,1603270000000,1689420000000,1561510000000
Finland,249424000000,275604000000,258290000000,271362000000,274863000000,234534000000,240771000000,255648000000,275715000000,268508000000,271837000000
Fiji,3140508836,3774530616,3972012571,4190143206,4856963230,4682546863,4930204230,5353404422,5581371850,5496264766,4574413823
France,2645190000000,2865160000000,2683670000000,2811880000000,2855960000000,2439190000000,2472960000000,2595150000000,2790960000000,2728870000000,2630320000000
Faroe Islands,2322202664,2499152495,2414380665,2677296441,2901131403,2561824641,2804863556,2969876872,3180074747,3268839776,3240759989
"Micronesia, Fed. Sts.",296944100,311301600,327248700,317214400,319271200,316489900,332265200,366666800,401932300,412479413.4,407515928
Gabon,14372591916,18210308748,17170465294,17595745653,18203968002,14383107714,14023890620,14929488771,16867325127,16874405840,15316824039
United Kingdom,2491110000000,2674890000000,2719160000000,2803290000000,3087170000000,2956570000000,2722850000000,2699020000000,2900790000000,2878670000000,2756900000000
Georgia,12243505583,15107441447,16488403076,17189551521,17627003455,14953950557,15141758567,16242916916,17596922470,17470436259,15842922533
Ghana,32197272797,39337314810,41270954737,62823043706,54782847753,49406568433,56165172899,60406382899,67299280680,68337537816,70043199814
Guinea,6853467858,6785137173,7638045254,8376613843,8778473615,8794202444,8595955581,10324668267,11857030337,13442861444,14169626010
"Gambia, The",1543292393,1409694554,1415006238,1375608956,1229460602,1378176868,1484579844,1504909753,1670670669,1813608280,1830413000
Guinea-Bissau,849878424.2,1099818652,989271229.6,1046087418,1054915645,1048229629,1179004941,1350177128,1504630121,1439638443,1431758243
Equatorial Guinea,16314442183,21357344847,22388345810,21948835350,21765454404,13185496836,11240809132,12200912828,13097011208,11364134109,10099157270
Greece,297125000000,282996000000,242029000000,238908000000,235458000000,195684000000,193148000000,199844000000,212049000000,205144000000,188835000000
Grenada,771013259.3,778655925.9,799882259.3,842620111.1,911497407.4,997007925.9,1061640741,1125685185,1166523556,1213485185,1043411111
Greenland,2503156061,2684467376,2609667674,2684952727,2842048998,2499115623,2707146783,2851610656,3055791341,2994332324,3075968329
Guatemala,40676432029,46876114650,49593961142,52996540704,57852399964,62186186576,66053725049,71654134379,73208583759,77020015201,77604632621
Guam,4949000000,4984000000,5265000000,5399000000,5610000000,5799000000,5901000000,6013000000,6060000000,6364000000,5844000000
Guyana,3432913073,3691384318,4063089192,4167800259,4127659492,4279840194,4482697337,4748174334,4787636237,5173760192,5471256595
High income,45752200000000,49401000000000,49426100000000,50047900000000,51126000000000,48258400000000,49298600000000,51558500000000,54815600000000,55289200000000,53699800000000
"Hong Kong SAR, China",228638000000,248514000000,262629000000,275697000000,291459000000,309384000000,320858000000,341273000000,361731000000,363052000000,344881000000
Honduras,15839344592,17710315006,18528601901,18499710128,19756494435,20979767785,21717622071,23136232230,24067778954,25089976947,23827840810
Heavily indebted poor countries (HIPC),520218000000,583029000000,604867000000,673157000000,715229000000,693547000000,728869000000,808758000000,770227000000,797618000000,803284000000
Croatia,60426018629,63169910822,57192346923,58889082315,58330289757,50163192883,52295158344,56214427431,62247874949,62246206341,57203783203
Haiti,11859315079,13008754111,13708926466,14902474091,15139264670,14833154472,13987693739,15035560373,16455034353,14785839383,14508218017
Hungary,132231000000,142000000000,128857000000,135733000000,141079000000,125210000000,128636000000,143136000000,160587000000,163526000000,156743000000
IBRD only,20097500000000,23788700000000,25281700000000,26687300000000,27585900000000,25838400000000,26049400000000,28755700000000,30580300000000,31244200000000,30032400000000
IDA & IBRD total,21779200000000,25494100000000,27074300000000,28633400000000,29669200000000,27890600000000,28148200000000,30949200000000,32816700000000,33581700000000,32364900000000
IDA total,1682180000000,1705350000000,1792470000000,1946120000000,2083300000000,2051050000000,2097400000000,2193040000000,2236770000000,2337490000000,2332330000000
IDA blend,709901000000,814256000000,900553000000,978009000000,1049300000000,1011470000000,977136000000,959821000000,1007830000000,1040150000000,999384000000
Indonesia,755094000000,892969000000,917870000000,912524000000,890815000000,860854000000,931877000000,1015620000000,1042270000000,1119100000000,1058690000000
IDA only,972926000000,891297000000,891921000000,968110000000,1034000000000,1039580000000,1120260000000,1233220000000,1228940000000,1297340000000,1333640000000
India,1675620000000,1823050000000,1827640000000,1856720000000,2039130000000,2103590000000,2294800000000,2651470000000,2702930000000,2831550000000,2667690000000
Ireland,221876000000,238976000000,225497000000,238279000000,258970000000,291580000000,298928000000,335431000000,385042000000,399122000000,425889000000
"Iran, Islamic Rep.",486808000000,626133000000,644036000000,492776000000,460383000000,408213000000,457955000000,486630000000,330992000000,291363000000,231548000000
Iraq,138517000000,185750000000,218002000000,234638000000,228416000000,166774000000,166602000000,187218000000,227367000000,233636000000,184370000000
Iceland,13751161918,15221622926,14751508134,16125060515,17867662178,17517210519,20793168031,24728285177,26267063758,24857740445,21718075725
Israel,234655000000,262294000000,258417000000,294167000000,310945000000,300078000000,319024000000,355277000000,373641000000,397935000000,407101000000
Italy,2136100000000,2294990000000,2086960000000,2141920000000,2162010000000,1836640000000,1877070000000,1961800000000,2091930000000,2011290000000,1892570000000
Jamaica,13220556883,14444655300,14807086889,14264202737,13899228824,14188935948,14077109397,14808989993,15730793853,15830768550,13812425037
Jordan,27133804225,29524149155,31634561690,34454440141,36847643521,38587017887,39892551127,41408960845,42932112676,44502895915,43697659296
Japan,5759070000000,6233150000000,6272360000000,5212330000000,4896990000000,4444930000000,5003680000000,4930840000000,5037840000000,5123320000000,5040110000000
Kazakhstan,148047000000,192627000000,207999000000,236635000000,221416000000,184388000000,137278000000,166806000000,179340000000,181667000000,171082000000
Kenya,45405587557,46869457318,56396706006,61671425370,68285768554,70120413329,74815121315,82035800868,92202956321,100380000000,100667000000
Kyrgyz Republic,4794357795,6197766119,6605139933,7335027592,7468096567,6678178340,6813092066,7702934800,8271108638,8871026074,7780874537
Cambodia,11242275199,12829541141,14054443213,15227991395,16702610842,18049954289,20016747754,22177200512,24571753583,27089389787,25872798012
Kiribati,155299728.5,180665807.2,189630114.9,184550740.1,177862310.4,170291002,178509814.1,188192060.1,196230573.8,177935349.3,180911843.6
St. Kitts and Nevis,778718111.1,836092407.4,826231629.6,875376407.4,954062481.5,958407222.2,1008942296,1060638333,1078505889,1164877852,980905888.9
"Korea, Rep.",1144070000000,1253220000000,1278430000000,1370800000000,1484320000000,1465770000000,1500110000000,1623900000000,1724850000000,1651420000000,1637900000000
Kuwait,115419000000,154068000000,174070000000,174161000000,162631000000,114567000000,109420000000,120707000000,138182000000,136197000000,105960000000
Latin America & Caribbean (excluding high income),4513240000000,5275520000000,5247980000000,5386100000000,5410690000000,4599010000000,4469550000000,4985190000000,4840910000000,4778840000000,3997940000000
Lao PDR,7131773633,8750107402,10192848926,11983252611,13279248479,14426381187,15912495369,17071162084,18141651381,18740559554,18981800705
Lebanon,38443907042,39927125961,44016799516,46880103081,48095213746,49929337837,51147308774,53027680686,54901519156,51605959131,25948915861
Liberia,1998000000,2398000000,2791614000,3177198100,3225652000,3227075700,3398419600,3390703400,3422754800,3319596500,3039982540
Libya,75380170508,48167374612,92538004280,75350633011,57372445772,48717854040,49910960875,67158415842,76684175824,69252306372,52320215472
St. Lucia,1486758037,1576988407,1605146778,1664816741,1755130815,1808079889,1865513430,1996771441,2065127263,2118791548,1616772748
Latin America & Caribbean,5347120000000,6085990000000,6150580000000,6302260000000,6425930000000,5369840000000,5247930000000,5830760000000,5701840000000,5623610000000,4743150000000
Least developed countries: UN classification,686139000000,796491000000,837472000000,912825000000,981404000000,949727000000,988285000000,1103870000000,1087620000000,1142300000000,1162000000000
Low income,613155000000,461377000000,437977000000,449879000000,480290000000,474998000000,470793000000,527247000000,453568000000,479643000000,481025000000
Sri Lanka,56725749222,65292753005,68434409315,74317806538,79356449841,80604080689,82401038710,87428128124,87963042341,83902574443,80969683537
Lower middle income,5246900000000,6031010000000,6329150000000,6432750000000,6682830000000,6525990000000,6885320000000,7396390000000,7541060000000,7894760000000,7585550000000
Low & middle income,20449600000000,24135700000000,25680400000000,27188300000000,28100500000000,26661300000000,26903000000000,29564600000000,31299300000000,32061300000000,30913900000000
Lesotho,2234731974,2579421686,2477702253,2367113170,2441053176,2359759799,2114020380,2306185361,2514146888,2451257579,2250717718
Late-demographic dividend,13540300000000,16498600000000,17649600000000,19020300000000,19748300000000,18517700000000,18570800000000,20609600000000,22593000000000,23026400000000,22470900000000
Lithuania,37128694028,43535051482,42927454291,46523420074,48533659592,41435533340,43047309306,47758736932,53750911866,54697379017,56546957475
Luxembourg,56213985987,61696281326,59776383527,65203276467,68804811898,60071584216,62216885436,65712180343,71285019397,70195715496,73353132794
Latvia,23956163077,27474380566,28169902669,30204783462,31386896487,27263090547,28083597512,30483806018,34429023435,34308783825,33645460617
"Macao SAR, China",28241858489,36845925519,43189526778,51536304808,54903031138,45047964934,45070605746,50440941939,55284360483,55204758070,25586111076
Morocco,93216746662,101370000000,98266306615,106826000000,110081000000,101180000000,103312000000,109683000000,118096000000,119870000000,114725000000
Monaco,5367625613,6088808463,5743029680,6555983530,7069616049,6261622101,6472990923,6431314957,7194024563,7383745662,6816219303
Moldova,6974982393,8414351672,8709138765,9496717702,9510198962,7745241913,8071469355,9669741744,11457443185,11971345003,11859730544
Madagascar,9982711338,11551819618,11578974888,12423555269,12522957228,11323020829,11848613735,13176313594,13614412551,14191911512,13225591804
Maldives,2588176055,2774351760,2886170572,3295011382,3697351597,4109424800,4379136462,4754175869,5300962660,5607762625,3742769967
Middle East & North Africa,2973060000000,3355720000000,3614570000000,3553160000000,3569380000000,3140630000000,3168630000000,3296300000000,3459090000000,3465220000000,3106900000000
Mexico,1057800000000,1180490000000,1201090000000,1274440000000,1315350000000,1171870000000,1078490000000,1158910000000,1222410000000,1269400000000,1087120000000
Marshall Islands,160407100,172188500,180436300,184840400,182142800,183814300,201510900,213204100,221588900,239462200,244462400
Middle income,19850900000000,23678400000000,25244100000000,26739600000000,27621900000000,26188800000000,26434300000000,29040100000000,30844600000000,31581100000000,30433800000000
North Macedonia,9407168702,10494632699,9745251126,10817712139,11362272838,10064515432,10672471861,11307058382,12683070061,12606338449,12116981815
Mali,10689168011,12995112698,12442035328,13242690790,14364937128,13104764379,14026048334,15365713059,17070867578,17280250805,17465392779
Malta,9035932122,9638916481,9462238211,10551661177,11626281387,11091434484,11668286795,13505056442,15301279478,15719500921,14917038504
Myanmar,37796052939,54118601975,58318677645,60572257122,63264892768,63045305229,60291736894,61449392056,67144725831,68697759361,78930257227
Middle East & North Africa (excluding high income),1580130000000,1633770000000,1757060000000,1616320000000,1592380000000,1430990000000,1467440000000,1455190000000,1380520000000,1391980000000,1263840000000
Montenegro,4143033276,4544516982,4087725813,4465771673,4593852089,4054728173,4376929572,4856602179,5506944403,5542201151,4780722122
Mongolia,7189481824,10409797649,12292770631,12582122604,12226514722,11619892396,11181350461,11480847745,13178094459,14206359007,13312981595
Mozambique,11104649065,14381552467,16350813487,16974314296,17716091057,15950979333,11936993087,13219079498,14845400593,15390031040,14028811072
Mauritania,5628878866,6764627666,6728208836,7223071177,6592537782,6166863960,6398747532,6800135962,7352533586,7889655284,7915985514
Mauritius,10003670690,11518393367,11668685524,12129642296,12803445934,11692287066,12232463656,13259351418,14181951059,14045808843,10926820603
Malawi,6959655571,8004000737,6028487929,5518880769,6047813437,6373212641,5433040160,8943543677,9880676219,11025370769,12172128470
Malaysia,255017000000,297952000000,314443000000,323277000000,338062000000,301355000000,301255000000,319112000000,358792000000,365276000000,337006000000
North America,16672900000000,17399400000000,18088700000000,18696300000000,19362800000000,19769200000000,20230000000000,21136000000000,22259700000000,23122000000000,22546000000000
Namibia,11431334447,12523402329,13042007432,12043276397,12435416060,11335179562,10721994677,12895153160,13682062249,12543203411,10562637376
New Caledonia,9364347372,10351442209,9659153061,10151385306,10635039739,8738205837,8724570250,9173668102,9846922416,9438130987,9435529927
Niger,7851191899,8772951262,9426913349,10224897935,10862944204,9683867894,10398862245,11185102400,12808660528,12916455161,13741378450
Nigeria,361457000000,404994000000,455502000000,508693000000,546676000000,486803000000,404650000000,375746000000,397190000000,448120000000,432294000000
Nicaragua,8758639096,9774307336,10532006608,10982979274,11880434071,12756706583,13286083645,13785909906,13025239912,12596636042,12586941393
Netherlands,847381000000,905271000000,838923000000,877173000000,892168000000,765573000000,784060000000,833870000000,914043000000,910194000000,913865000000
Norway,428757000000,498283000000,509506000000,522762000000,498410000000,385802000000,368827000000,398394000000,437000000000,404941000000,362198000000
Nepal,16002656434,21573862467,21703106502,22162208956,22731602970,24360795411,24524098185,28971589213,33111525872,34186190996,33433670512
Nauru,47564520.39,66055407.67,96927201.48,98491843.64,104654365.2,86529661.37,99723394.96,109359680.2,124021393.7,118724073.8,114626625.6
New Zealand,146518000000,168291000000,176207000000,190907000000,201313000000,178064000000,188838000000,206624000000,211953000000,213435000000,211735000000
OECD members,45256800000000,48684700000000,48636400000000,49291600000000,50304100000000,47434900000000,48354900000000,50468500000000,53389600000000,53898700000000,52333100000000
Oman,64993498049,77497529259,87408842653,89936020806,92699089727,78710793238,75128738622,80856697009,91505851756,88060858257,73971391417
Other small states,322471000000,396966000000,414202000000,432289000000,446285000000,369988000000,365902000000,398431000000,441995000000,432763000000,376519000000
Pakistan,177166000000,213587000000,224384000000,231219000000,244361000000,270556000000,313630000000,339206000000,356128000000,320909000000,300306000000
Panama,29440287600,34686224300,40429734400,45599994000,49921464400,54091713800,57907695400,62202725200,64929409200,66984427200,53977037000
Peru,147529000000,171762000000,192649000000,201175000000,200789000000,189805000000,191896000000,211007000000,222597000000,228323000000,201705000000
Philippines,208369000000,234217000000,261921000000,283903000000,297483000000,306446000000,318627000000,328481000000,346842000000,376823000000,361751000000
Palau,185943000,196911100,212397800,221117200,241669800,280457700,298300000,285300000,284700000,274200000,257700000
Papua New Guinea,14250755231,17984910502,21295659244,21261432791,23210682538,21723531173,20759069103,22742613554,24109509853,24751344561,24667052023
Poland,479834000000,528301000000,498524000000,521016000000,542477000000,477812000000,472630000000,526509000000,587412000000,597281000000,596624000000
Pre-demographic dividend,1050870000000,1220710000000,1328910000000,1455530000000,1530150000000,1322540000000,1214490000000,1293920000000,1322710000000,1393570000000,1309750000000
Puerto Rico,98381300000,100352000000,101565000000,102450000000,102446000000,103376000000,104337000000,103446000000,100925000000,104915000000,103138000000
Portugal,238113000000,245118000000,216224000000,226434000000,229902000000,199394000000,206426000000,221358000000,242313000000,239987000000,228539000000
Paraguay,27129301212,33737052170,33296438306,38651334288,40377987209,36211372703,36089550659,38997129474,40225448341,37925338329,35432178068
West Bank and Gaza,9681500000,11186100000,12208400000,13515500000,13989700000,13972400000,15405400000,16128000000,16276600000,17133500000,15531700000
Pacific island small states,6566253871,7712816560,8188147239,8498746217,9225908807,9020208144,9461610628,10217604992,10657544778,10644265612,9573379122
Post-demographic dividend,42694000000000,45861200000000,45793100000000,46252800000000,47173700000000,44611900000000,45620800000000,47559100000000,50409600000000,50901900000000,49529300000000
Qatar,125122000000,167775000000,186834000000,198728000000,206225000000,161740000000,151732000000,161099000000,183335000000,175838000000,144411000000
Romania,166309000000,183327000000,170636000000,190801000000,199959000000,177729000000,188129000000,211695000000,241457000000,249882000000,249511000000
Russian Federation,1524920000000,2045930000000,2208300000000,2292470000000,2059240000000,1363480000000,1276790000000,1574200000000,1657330000000,1693110000000,1488320000000
Rwanda,6121529488,6881379762,7650671477,7815975294,8234762201,8539424910,8690878328,9252834120,9642440646,10356327149,10184345442
South Asia,2060780000000,2274500000000,2300090000000,2359610000000,2584560000000,2699430000000,3005240000000,3426790000000,3527310000000,3648730000000,3482470000000
Saudi Arabia,528207000000,671239000000,735975000000,746647000000,756350000000,654270000000,644936000000,688586000000,816579000000,803616000000,703368000000
Sudan,74151186600,78403418360,63195499524,66026600235,76818327442,84985132167,102944000000,129718000000,32333780383,32338079165,26987563444
Senegal,16121314671,17814284622,17660871726,18918668644,19797254643,17774766636,19040312815,20996564752,23116897847,23398811424,24493157583
Singapore,239809000000,279351000000,295087000000,307576000000,314851000000,308004000000,318832000000,343193000000,376998000000,375473000000,345296000000
Solomon Islands,846767635.9,1049889692,1191045573,1284763287,1335584912,1307082934,1378543909,1483793468,1574622018,1570093229,1545888426
Sierra Leone,2578026297,2942546781,3801862611,4920343195,5015157816,4218723875,3674794530,3719369107,4085114794,4076578543,4063289450
El Salvador,18447920000,20283780000,21386150000,21990960000,22593470000,23438240000,24191430000,24979190000,26020850000,26896660000,24638720000
San Marino,1881214371,1813752784,1604779648,1678841812,1673973695,1419394763,1468377242,1528630705,1655300897,1616231696,1544713785
Serbia,41819468692,49258136129,43309252921,48394239475,47062206678,39655958843,40692643373,44179055280,50640650221,51514222382,53335016425
Sub-Saharan Africa (excluding high income),1450780000000,1634000000000,1699340000000,1803400000000,1867280000000,1683570000000,1571410000000,1702820000000,1731080000000,1790390000000,1704890000000
Sub-Saharan Africa,1451750000000,1635060000000,1700400000000,1804730000000,1868670000000,1684990000000,1572900000000,1704400000000,1732710000000,1792080000000,1706090000000
Small states,393630000000,474409000000,494531000000,514310000000,530131000000,452543000000,444842000000,481182000000,528084000000,520431000000,452016000000
Sao Tome and Principe,196652514.3,231489270.1,250680845.7,300554483.6,346528329.2,316066072.3,345495615,375614126.2,412253809.7,427425039.7,472914469.9
Suriname,4368398048,4422276622,4980000000,5145757576,5240606061,5126291451,3317438911,3591623596,3996247906,3984483762,2884248048
Slovak Republic,90801178162,99492917849,94253181330,98569320343,101089000000,88636928905,89674927723,95393515078,105613000000,105284000000,105173000000
Slovenia,48208240226,51583869785,46577793184,48415657265,49997186439,43107506024,44766722791,48589100043,54163591695,54178877606,53589609581
Sweden,495813000000,574094000000,552484000000,586842000000,581964000000,505104000000,515655000000,541019000000,555455000000,533880000000,541487000000
Eswatini,4438778424,4820499924,4886533033,4597532030,4422968340,4063245671,3816022047,4402969226,4666784618,4466066557,3984840580
Seychelles,969940010.2,1065823923,1059496470,1328089686,1387577763,1415998663,1490226454,1573428277,1636310049,1684228529,1200634489
Turks and Caicos Islands,686787810,728789570,727161000,754238000,841070000,942070000,1032452000,1022365000,1113178000,1197415000,924583000
Chad,10668102735,12172309523,12367363678,12953535496,13940768066,10950392220,10097778354,10000395242,11239167048,11314951343,10715396135
East Asia & Pacific (IDA & IBRD countries),7879010000000,9632900000000,10745100000000,11855700000000,12782200000000,13310200000000,13594800000000,14858100000000,16617600000000,17181800000000,17461300000000
Europe & Central Asia (IDA & IBRD countries),3659630000000,4444800000000,4641050000000,4920930000000,4646600000000,3627110000000,3490790000000,3912610000000,4073650000000,4159110000000,3884830000000
Togo,3429461495,3872459250,3873308389,4321655656,4574986537,4180866177,6031632168,6395472574,7112200725,7220395248,7574636979
Thailand,341105000000,370819000000,397558000000,420333000000,407339000000,401296000000,413366000000,456357000000,506755000000,544081000000,499682000000
Tajikistan,5642178580,6522732203,7633049792,8448469838,9112544556,8271454301,6992393787,7536439875,7765014424,8300784857,8133996648
Latin America & the Caribbean (IDA & IBRD countries),5157780000000,5884300000000,5942810000000,6089680000000,6208800000000,5141570000000,5013500000000,5591260000000,5460180000000,5372620000000,4495220000000
Timor-Leste,881827800,1042411500,1160389500,1395519600,1447307100,1594410900,1650618500,1615609700,1583876200,2047931700,1902156800
Middle East & North Africa (IDA & IBRD countries),1570450000000,1622580000000,1744850000000,1602810000000,1578390000000,1417020000000,1452030000000,1439070000000,1364250000000,1374850000000,1248310000000
Tonga,366840012.4,414523388.5,470714083.4,450643615.2,439878828,437006227.2,420540178.6,460379145,489235527.4,512350059.4,488829964.1
South Asia (IDA & IBRD),2060780000000,2274500000000,2300090000000,2359610000000,2584560000000,2699430000000,3005240000000,3426790000000,3527310000000,3648730000000,3482470000000
Sub-Saharan Africa (IDA & IBRD countries),1451750000000,1635060000000,1700400000000,1804730000000,1868670000000,1684990000000,1572900000000,1704400000000,1732710000000,1792080000000,1706090000000
Trinidad and Tobago,22157948396,25433011405,25781712703,27294453245,27642525749,25191551350,22373566810,23180107752,23820742957,23886216403,21392536138
Tunisia,46206091938,48122744708,47311159485,48684187850,50271072628,45780128467,44360614525,42164007605,42685972269,41772900763,42514151614
Turkiye,776993000000,838763000000,880556000000,957783000000,938953000000,864317000000,869693000000,858996000000,778472000000,761004000000,719955000000
Tuvalu,32104201.06,39195461.58,39345620.21,38617493.72,38759689.92,36811659.53,41629497.47,45217657.88,47818290.5,54223149.11,55054710.62
Tanzania,32014249841,34657139495,39650530214,45680532614,49964788814,47378599025,49774021003,53320625959,57003713611,61136873692,62409709111
Uganda,26673441667,27871725206,27305915761,28915786997,32612397758,32387183845,29203988815,30744473912,32927025573,35353060634,37600368181
Ukraine,141210000000,169333000000,182592000000,190499000000,133503000000,91030959455,93355993629,112091000000,130891000000,153883000000,156618000000
Upper middle income,14604000000000,17647400000000,18914900000000,20306800000000,20939100000000,19662800000000,19549000000000,21643700000000,23303500000000,23686300000000,22848300000000
Uruguay,40284481652,47962439304,51264390116,57531233351,57236013086,53274304222,57236652490,64233966861,64515038268,61231149881,53560755047
United States,15049000000000,15599700000000,16254000000000,16843200000000,17550700000000,18206000000000,18695100000000,19479600000000,20527200000000,21372600000000,20893700000000
Uzbekistan,49765676402,60178909297,67517349212,73180036692,80845384375,86196265192,86138288615,62081323299,52633143808,59907674027,59894305353
St. Vincent and the Grenadines,720447880.2,713796368.7,730032600.1,764781242.7,770901436.4,786554580.8,814302267.1,847620214.8,884328180.5,910149698.9,872134546.8
Virgin Islands (U.S.),4324000000,4223000000,4089000000,3738000000,3565000000,3663000000,3798000000,3794000000,3922000000,4117000000,4204000000
Vietnam,147199000000,172596000000,195592000000,213711000000,233450000000,239257000000,257096000000,281353000000,308702000000,330391000000,343243000000
Vanuatu,670713208.1,770153304.2,747839697.7,758304466.2,772315721.3,730870581.7,780889605.9,880062103,914736985.4,936526267.6,896827873.1
Samoa,663161528.4,737401684.1,760549577.7,770059565,756805950.2,788307314.9,799493897.5,832025556.1,821286938.9,852007104.7,807147527.6
Kosovo,5344014318,6341737194,6163785173,6735731173,7074657898,6295820482,6682832632,7180813376,7878508503,7899879086,7716925356
"Yemen, Rep.",30906749533,32726417212,35401341663,40415235702,43228585321,42444495590,31317828584,26842231205,21606161066,21887614217,18840511908
South Africa,417365000000,458202000000,434401000000,400886000000,381199000000,346710000000,323586000000,381449000000,404842000000,387935000000,335442000000
Zambia,20265559484,23459515276,25503060420,28037239463,27141023558,21251216799,20958412538,25873601261,26311590297,23308667781,18110631358
Zimbabwe,12041655200,14101920300,17114849900,19091020000,19495519600,19963120600,20548678100,17584890937,18115543791,19284289739,18051170799