Media,2010,2011,2012,2013,2014,2015,2016,2017,2018,2019,2020
Facebook,712.43,785.19,782.97,794.52,869.08,1001.15,1033.7,994.5,814.03,829.79,827.44
Pinterest,0.0,0.0,87.14,134.35999999999999,114.39,79.41,73.37,91.35000000000001,159.43,167.72,139.32
Twitter,76.81,54.2,78.88,118.08,82.88,63.83,51.12,57.910000000000004,88.19,96.63,122.07
StumbleUpon,225.48,248.86,105.77,51.68,23.330000000000002,10.15,5.16,3.16,1.81,0.04,0.0
YouTube,77.71,63.82,89.79,36.75,13.44,1.4,3.07,20.240000000000002,85.95,46.34,49.54
Instagram,0.0,0.0,0.0,0.0,0.0,0.0,0.96,9.72,23.68,35.95,47.39
Tumblr,0.0,0.0,0.0,20.15,67.55,23.29,17.34,9.94,10.56,6.68,5.03
reddit,39.410000000000004,28.240000000000002,38.769999999999996,30.64,21.63,14.61,8.54,6.779999999999999,5.96,9.46,4.1
VKontakte,0.0,1.7999999999999998,4.17,4.25,2.37,1.47,2.67,2.09,3.17,3.91,2.35
LinkedIn,2.94,2.79,3.65,2.37,1.04,0.71,1.55,1.86,2.77,2.0300000000000002,2.32
Google+,0.0,0.73,0.01,2.6,2.54,3.47,1.78,1.67,3.71,0.92,0.02
Digg,18.68,3.97,1.53,0.43,0.28,0.13,0.06,0.01,0.0,0.0,0.0
MySpace,15.28,0.59,0.15,0.05,0.0,0.01,0.0,0.0,0.0,0.0,0.0
Fark,2.94,1.53,1.24,0.98,0.36,0.18,0.48000000000000004,0.34,0.23,0.18,0.15
NowPublic,7.58,2.62,2.12,0.98,0.0,0.0,0.0,0.0,0.0,0.0,0.0
iWiW,6.46,0.49,0.16,0.01,0.0,0.0,0.0,0.0,0.0,0.0,0.0
news.ycombinator.com,1.09,0.7100000000000001,0.79,0.15,0.08,0.18,0.13,0.13,0.15,0.18,0.19
Delicious,3.32,1.01,0.38,0.06,0.060000000000000005,0.0,0.0,0.0,0.0,0.0,0.0
orkut,3.21,0.74,0.25,0.09,0.0,0.0,0.0,0.0,0.0,0.0,0.0
Odnoklassniki,0.0,0.14,0.47,1.17,0.63,0.0,0.0,0.0,0.0,0.0,0.0
Vimeo,1.26,0.27,0.38,0.26,0.2,0.02,0.0,0.01,0.01,0.03,0.02
Other,5.44,2.31,1.37,0.45,0.16,0.05,0.0,0.19,0.32,0.03,0.0
Media,1.0,2.0,3.0,4.0,5.0,6.0,7.0,8.0,9.0,10.0,11.0
