,Country,variable,value
0,Afghanistan,2010,4.0
1,Albania,2010,45.0
2,Algeria,2010,12.5
3,American Samoa,2010,
4,Andorra,2010,81.0
5,Angola,2010,2.799999952
6,Antigua and Barbuda,2010,47.0
7,Argentina,2010,45.0
8,Armenia,2010,25.0
9,Aruba,2010,62.0
10,Australia,2010,76.0
11,Austria,2010,75.16999817
12,Azerbaijan,2010,46.0
13,Bahamas,2010,43.0
14,Bahrain,2010,55.0
15,Bangladesh,2010,3.700000048
16,Barbados,2010,65.09999847
17,Belarus,2010,31.79999924
18,Belgium,2010,75.0
19,Belize,2010,28.20000076
20,Benin,2010,3.130000114
21,Bermuda,2010,84.20999908
22,Bhutan,2010,13.60000038
23,Bolivia,2010,22.39999962
24,Bosnia and Herzegovina,2010,42.75
25,Botswana,2010,6.0
26,Brazil,2010,40.65000153
27,British Virgin Islands,2010,37.0
28,Brunei,2010,53.0
29,Bulgaria,2010,46.22999954
30,Burkina Faso,2010,2.400000095
31,Burundi,2010,1.0
32,Cambodia,2010,1.25999999
33,Cameroon,2010,4.300000191
34,Canada,2010,80.30000305
35,Cape Verde,2010,30.0
36,Cayman Islands,2010,66.0
37,Central African Republic,2010,2.0
38,Chad,2010,1.700000048
39,Chile,2010,45.0
40,China,2010,34.29999924
41,Colombia,2010,36.5
42,Comoros,2010,5.099999905
43,Congo,2010,5.0
44,Costa Rica,2010,36.5
45,Cote d'Ivoire,2010,2.700000048
46,Croatia,2010,56.54999924
47,Cuba,2010,15.89999962
48,Curacao,2010,
49,Cyprus,2010,52.99000168
50,Czechia,2010,68.81999969
51,Democratic Republic of Congo,2010,0.7200000286
52,Denmark,2010,88.72000122
53,Djibouti,2010,6.5
54,Dominica,2010,47.45000076
55,Dominican Republic,2010,31.39999962
56,East Asia and Pacific,2010,34.270504
57,Ecuador,2010,29.03000069
58,Egypt,2010,21.60000038
59,El Salvador,2010,15.89999962
60,Equatorial Guinea,2010,6.0
61,Eritrea,2010,0.6100000143
62,Estonia,2010,74.09999847
63,Eswatini,2010,11.03999996
64,Ethiopia,2010,0.75
65,Europe and Central Asia,2010,57.08758163
66,European Union,2010,68.69564056
67,Faeroe Islands,2010,75.19999695
68,Fiji,2010,20.0
69,Finland,2010,86.88999939
70,France,2010,77.27999878
71,French Polynesia,2010,49.0
72,Gabon,2010,13.0
73,Gambia,2010,9.199999809
74,Georgia,2010,26.89999962
75,Germany,2010,82.0
76,Ghana,2010,7.800000191
77,Gibraltar,2010,65.0
78,Greece,2010,44.40000153
79,Greenland,2010,63.0
80,Grenada,2010,27.0
81,Guam,2010,54.04000092
82,Guatemala,2010,10.5
83,Guinea,2010,1.0
84,Guinea-Bissau,2010,2.450000048
85,Guyana,2010,29.89999962
86,Haiti,2010,8.369999886
87,High income,2010,72.24767303
88,Honduras,2010,11.09000015
89,Hong Kong,2010,72.0
90,Hungary,2010,65.0
91,Iceland,2010,93.38999939
92,India,2010,7.5
93,Indonesia,2010,10.92000008
94,Iran,2010,15.89999962
95,Iraq,2010,2.5
96,Ireland,2010,69.84999847
97,Israel,2010,67.5
98,Italy,2010,53.68000031
99,Jamaica,2010,27.67000008
100,Japan,2010,78.20999908
101,Jordan,2010,27.20000076
102,Kazakhstan,2010,31.60000038
103,Kenya,2010,7.199999809
104,Kiribati,2010,9.069999695
105,Kosovo,2010,
106,Kuwait,2010,61.40000153
107,Kyrgyzstan,2010,16.29999924
108,Laos,2010,7.0
109,Latin America and Caribbean,2010,34.70214081
110,Latvia,2010,68.41999817
111,Lebanon,2010,43.68000031
112,Lesotho,2010,3.859999895
113,Liberia,2010,2.299999952
114,Libya,2010,14.0
115,Liechtenstein,2010,80.0
116,Lithuania,2010,62.11999893
117,Low and middle income,2010,20.13169098
118,Low income,2010,3.336564064
119,Lower middle income,2010,10.54971981
120,Luxembourg,2010,90.62000275
121,Macao,2010,55.19800186
122,Madagascar,2010,1.700000048
123,Malawi,2010,2.25999999
124,Malaysia,2010,56.29999924
125,Maldives,2010,26.53000069
126,Mali,2010,2.0
127,Malta,2010,63.0
128,Marshall Islands,2010,7.0
129,Mauritania,2010,4.0
130,Mauritius,2010,28.32999992
131,Mexico,2010,31.04999924
132,Micronesia (country),2010,20.0
133,Middle East and North Africa,2010,25.03272629
134,Middle income,2010,21.59939384
135,Moldova,2010,32.29999924
136,Monaco,2010,75.0
137,Mongolia,2010,10.19999981
138,Montenegro,2010,37.5
139,Morocco,2010,52.0
140,Mozambique,2010,4.170000076
141,Myanmar,2010,0.25
142,Namibia,2010,11.60000038
143,Nauru,2010,
144,Nepal,2010,7.929999828
145,Netherlands,2010,90.72000122
146,New Caledonia,2010,42.0
147,New Zealand,2010,80.45999908
148,Nicaragua,2010,10.0
149,Niger,2010,0.8299999833
150,Nigeria,2010,11.5
151,North America,2010,72.54899597
152,North Korea,2010,0.0
153,North Macedonia,2010,51.90000153
154,Northern Mariana Islands,2010,
155,Norway,2010,93.38999939
156,Oman,2010,35.82780075
157,Pakistan,2010,8.0
158,Palau,2010,
159,Palestine,2010,37.40000153
160,Panama,2010,40.09999847
161,Papua New Guinea,2010,1.279999971
162,Paraguay,2010,19.79999924
163,Peru,2010,34.77000046
164,Philippines,2010,25.0
165,Poland,2010,62.31999969
166,Portugal,2010,53.29999924
167,Puerto Rico,2010,45.29999924
168,Qatar,2010,69.0
169,Romania,2010,39.93000031
170,Russia,2010,49.0
171,Rwanda,2010,8.0
172,Saint Kitts and Nevis,2010,63.0
173,Saint Lucia,2010,32.5
174,Saint Vincent and the Grenadines,2010,33.70000076
175,Samoa,2010,7.0
176,San Marino,2010,
177,Sao Tome and Principe,2010,18.75
178,Saudi Arabia,2010,41.0
179,Senegal,2010,8.0
180,Serbia,2010,40.90000153
181,Seychelles,2010,41.0
182,Sierra Leone,2010,0.5799999833
183,Singapore,2010,71.0
184,Slovakia,2010,75.70999908
185,Slovenia,2010,70.0
186,Solomon Islands,2010,5.0
187,Somalia,2010,
188,South Africa,2010,24.0
189,South Asia,2010,7.159897327
190,South Korea,2010,83.69999695
191,South Sudan,2010,
192,Spain,2010,65.80000305
193,Sri Lanka,2010,
194,Sub-Saharan Africa,2010,6.148348331
195,Sudan,2010,
196,Suriname,2010,31.59000015
197,Sweden,2010,90.0
198,Switzerland,2010,83.90000153
199,Syria,2010,20.70000076
200,Tajikistan,2010,11.55000019
201,Tanzania,2010,2.900000095
202,Thailand,2010,22.39999962
203,Timor,2010,3.0
204,Togo,2010,3.0
205,Tonga,2010,16.0
206,Trinidad and Tobago,2010,48.5
207,Tunisia,2010,36.79999924
208,Turkey,2010,39.81999969
209,Turkmenistan,2010,3.0
210,Turks and Caicos Islands,2010,
211,Tuvalu,2010,14.60000038
212,Uganda,2010,4.300000191
213,Ukraine,2010,23.29999924
214,United Arab Emirates,2010,68.0
215,United Kingdom,2010,85.0
216,United States,2010,71.69000244
217,United States Virgin Islands,2010,31.21999931
218,Upper middle income,2010,34.87931061
219,Uruguay,2010,46.40000153
220,Uzbekistan,2010,15.89999962
221,Vanuatu,2010,8.0
222,Venezuela,2010,37.36999893
223,Vietnam,2010,30.64999962
224,Yemen,2010,12.35000038
225,Zambia,2010,3.0
226,Zimbabwe,2010,6.400000095
227,Afghanistan,2011,5.0
228,Albania,2011,47.0
229,Algeria,2011,14.89999962
230,American Samoa,2011,
231,Andorra,2011,81.0
232,Angola,2011,4.699999809
233,Antigua and Barbuda,2011,52.0
234,Argentina,2011,51.0
235,Armenia,2011,32.0
236,Aruba,2011,69.0
237,Australia,2011,79.48770142
238,Austria,2011,78.73999023
239,Azerbaijan,2011,50.0
240,Bahamas,2011,65.0
241,Bahrain,2011,76.99996948
242,Bangladesh,2011,4.5
243,Barbados,2011,66.5
244,Belarus,2011,39.64889526
245,Belgium,2011,81.60999298
246,Belize,2011,30.70000076
247,Benin,2011,4.148323059
248,Bermuda,2011,88.33599854
249,Bhutan,2011,14.39999962
250,Bolivia,2011,30.0
251,Bosnia and Herzegovina,2011,43.88768768
252,Botswana,2011,9.0
253,Brazil,2011,45.68999863
254,British Virgin Islands,2011,37.40000153
255,Brunei,2011,56.0
256,Bulgaria,2011,47.97999191
257,Burkina Faso,2011,3.0
258,Burundi,2011,1.110000014
259,Cambodia,2011,3.099999905
260,Cameroon,2011,5.0
261,Canada,2011,83.0
262,Cape Verde,2011,32.0
263,Cayman Islands,2011,69.46594238
264,Central African Republic,2011,2.200000048
265,Chad,2011,1.899999976
266,Chile,2011,52.24960709
267,China,2011,38.29999924
268,Colombia,2011,40.350914
269,Comoros,2011,5.5
270,Congo,2011,5.599999905
271,Costa Rica,2011,39.21219635
272,Cote d'Ivoire,2011,2.900000095
273,Croatia,2011,57.78997803
274,Cuba,2011,16.01729012
275,Curacao,2011,
276,Cyprus,2011,56.8598938
277,Czechia,2011,70.48999786
278,Democratic Republic of Congo,2011,1.200000048
279,Denmark,2011,89.81001282
280,Djibouti,2011,7.0
281,Dominica,2011,48.59999847
282,Dominican Republic,2011,38.0
283,East Asia and Pacific,2011,37.40225983
284,Ecuador,2011,31.36680794
285,Egypt,2011,25.60000038
286,El Salvador,2011,18.89999962
287,Equatorial Guinea,2011,11.5
288,Eritrea,2011,0.6999999881
289,Estonia,2011,76.5
290,Eswatini,2011,18.12999916
291,Ethiopia,2011,1.100000024
292,Europe and Central Asia,2011,60.27293015
293,European Union,2011,69.66178131
294,Faeroe Islands,2011,80.7321701
295,Fiji,2011,28.0
296,Finland,2011,88.70999146
297,France,2011,77.81999969
298,French Polynesia,2011,49.0
299,Gabon,2011,18.0
300,Gambia,2011,10.87030029
301,Georgia,2011,31.52000046
302,Germany,2011,81.26999664
303,Ghana,2011,9.0
304,Gibraltar,2011,65.0
305,Greece,2011,51.6499939
306,Greenland,2011,64.0
307,Grenada,2011,30.0
308,Guam,2011,57.70000076
309,Guatemala,2011,12.30000019
310,Guinea,2011,2.0
311,Guinea-Bissau,2011,2.671999931
312,Guyana,2011,30.0
313,Haiti,2011,9.0
314,High income,2011,72.79930115
315,Honduras,2011,15.89999962
316,Hong Kong,2011,72.19999695
317,Hungary,2011,68.01998901
318,Iceland,2011,94.81968689
319,India,2011,10.06999969
320,Indonesia,2011,12.27999973
321,Iran,2011,19.0
322,Iraq,2011,5.0
323,Ireland,2011,74.8899765
324,Israel,2011,68.87387848
325,Italy,2011,54.38999939
326,Jamaica,2011,37.43861389
327,Japan,2011,79.0541153
328,Jordan,2011,34.90000153
329,Kazakhstan,2011,50.59999847
330,Kenya,2011,8.800000191
331,Kiribati,2011,10.0
332,Kosovo,2011,
333,Kuwait,2011,65.76907349
334,Kyrgyzstan,2011,17.5
335,Laos,2011,9.0
336,Latin America and Caribbean,2011,39.33848953
337,Latvia,2011,69.74995422
338,Lebanon,2011,52.0
339,Lesotho,2011,7.0
340,Liberia,2011,2.5
341,Libya,2011,14.0
342,Liechtenstein,2011,85.0
343,Lithuania,2011,63.6399765
344,Low and middle income,2011,23.01870918
345,Low income,2011,3.795007467
346,Lower middle income,2011,12.67747307
347,Luxembourg,2011,90.02986145
348,Macao,2011,60.2036972
349,Madagascar,2011,1.899999976
350,Malawi,2011,3.329999924
351,Malaysia,2011,61.0
352,Maldives,2011,34.0
353,Mali,2011,2.200000048
354,Malta,2011,68.01982117
355,Marshall Islands,2011,10.0
356,Mauritania,2011,4.5
357,Mauritius,2011,34.95000076
358,Mexico,2011,37.17629623
359,Micronesia (country),2011,22.79999924
360,Middle East and North Africa,2011,28.00577545
361,Middle income,2011,24.76813698
362,Moldova,2011,38.0
363,Monaco,2011,80.30000305
364,Mongolia,2011,12.49999142
365,Montenegro,2011,35.61154175
366,Morocco,2011,46.10748291
367,Mozambique,2011,4.599999905
368,Myanmar,2011,0.9800000191
369,Namibia,2011,12.0
370,Nauru,2011,54.0
371,Nepal,2011,9.0
372,Netherlands,2011,91.41999817
373,New Caledonia,2011,50.0
374,New Zealand,2011,81.23000336
375,Nicaragua,2011,10.60000038
376,Niger,2011,0.8999999762
377,Nigeria,2011,13.80000019
378,North America,2011,71.05696106
379,North Korea,2011,0.0
380,North Macedonia,2011,56.70000076
381,Northern Mariana Islands,2011,
382,Norway,2011,93.4899826
383,Oman,2011,48.0
384,Pakistan,2011,8.0
385,Palau,2011,
386,Palestine,2011,41.08000183
387,Panama,2011,42.70000076
388,Papua New Guinea,2011,2.0
389,Paraguay,2011,24.76351547
390,Peru,2011,36.00999832
391,Philippines,2011,29.0
392,Poland,2011,61.95000076
393,Portugal,2011,55.24999619
394,Puerto Rico,2011,48.0
395,Qatar,2011,69.0
396,Romania,2011,40.00999832
397,Russia,2011,58.0
398,Rwanda,2011,7.0
399,Saint Kitts and Nevis,2011,63.20000076
400,Saint Lucia,2011,34.0
401,Saint Vincent and the Grenadines,2011,36.70000076
402,Samoa,2011,11.0
403,San Marino,2011,49.59999847
404,Sao Tome and Principe,2011,20.16119957
405,Saudi Arabia,2011,47.5
406,Senegal,2011,9.800000191
407,Serbia,2011,42.20000076
408,Seychelles,2011,43.16400528
409,Sierra Leone,2011,0.8999999762
410,Singapore,2011,71.0
411,Slovakia,2011,74.43999481
412,Slovenia,2011,67.33999634
413,Solomon Islands,2011,6.0
414,Somalia,2011,1.25
415,South Africa,2011,33.97000122
416,South Asia,2011,9.228820801
417,South Korea,2011,83.75911713
418,South Sudan,2011,
419,Spain,2011,67.08999634
420,Sri Lanka,2011,
421,Sub-Saharan Africa,2011,7.611246109
422,Sudan,2011,
423,Suriname,2011,32.0
424,Sweden,2011,92.76998901
425,Switzerland,2011,85.19303131
426,Syria,2011,22.5
427,Tajikistan,2011,13.02999973
428,Tanzania,2011,3.200000048
429,Thailand,2011,23.66992569
430,Timor,2011,4.0
431,Togo,2011,3.5
432,Tonga,2011,25.0
433,Trinidad and Tobago,2011,55.20000076
434,Tunisia,2011,39.09999847
435,Turkey,2011,43.06571198
436,Turkmenistan,2011,5.0
437,Turks and Caicos Islands,2011,
438,Tuvalu,2011,16.5
439,Uganda,2011,4.599999905
440,Ukraine,2011,28.7082634
441,United Arab Emirates,2011,78.0
442,United Kingdom,2011,85.37999725
443,United States,2011,69.72946167
444,United States Virgin Islands,2011,35.59999847
445,Upper middle income,2011,39.41376495
446,Uruguay,2011,51.40465927
447,Uzbekistan,2011,18.60000038
448,Vanuatu,2011,9.199999809
449,Venezuela,2011,40.22000122
450,Vietnam,2011,35.06999969
451,Yemen,2011,14.90499973
452,Zambia,2011,3.5
453,Zimbabwe,2011,8.399999619
454,Afghanistan,2012,5.454545498
455,Albania,2012,49.40000153
456,Algeria,2012,18.20000076
457,American Samoa,2012,
458,Andorra,2012,82.69999695
459,Angola,2012,7.699999809
460,Antigua and Barbuda,2012,58.0
461,Argentina,2012,55.79999924
462,Armenia,2012,37.5
463,Aruba,2012,74.0
464,Australia,2012,79.0
465,Austria,2012,80.02999115
466,Azerbaijan,2012,54.20000076
467,Bahamas,2012,71.74819946
468,Bahrain,2012,88.0
469,Bangladesh,2012,5.0
470,Barbados,2012,71.19999695
471,Belarus,2012,46.90999985
472,Belgium,2012,80.71999359
473,Belize,2012,31.0
474,Benin,2012,4.5
475,Bermuda,2012,91.29930115
476,Bhutan,2012,15.60000038
477,Bolivia,2012,35.34000015
478,Bosnia and Herzegovina,2012,45.0644989
479,Botswana,2012,16.0
480,Brazil,2012,48.56000137
481,British Virgin Islands,2012,37.59999847
482,Brunei,2012,60.27306366
483,Bulgaria,2012,51.89998627
484,Burkina Faso,2012,3.725034952
485,Burundi,2012,1.219999909
486,Cambodia,2012,4.940000057
487,Cameroon,2012,7.5
488,Canada,2012,83.0
489,Cape Verde,2012,34.74000168
490,Cayman Islands,2012,69.69999695
491,Central African Republic,2012,2.400000095
492,Chad,2012,2.099999905
493,Chile,2012,55.04999924
494,China,2012,42.30011749
495,Colombia,2012,48.97999954
496,Comoros,2012,5.975296497
497,Congo,2012,6.106695175
498,Costa Rica,2012,47.5
499,Cote d'Ivoire,2012,4.400000095
500,Croatia,2012,61.93997192
501,Cuba,2012,21.20000076
502,Curacao,2012,
503,Cyprus,2012,60.68986893
504,Czechia,2012,73.43000793
505,Democratic Republic of Congo,2012,1.679960966
506,Denmark,2012,92.26000977
507,Djibouti,2012,9.399999619
508,Dominica,2012,49.79999924
509,Dominican Republic,2012,42.31999969
510,East Asia and Pacific,2012,40.45217514
511,Ecuador,2012,35.13514709
512,Egypt,2012,26.39999962
513,El Salvador,2012,20.32138824
514,Equatorial Guinea,2012,13.94318199
515,Eritrea,2012,0.8000000119
516,Estonia,2012,78.3899231
517,Eswatini,2012,20.78178215
518,Ethiopia,2012,2.900000095
519,Europe and Central Asia,2012,63.95801163
520,European Union,2012,71.85745239
521,Faeroe Islands,2012,85.33518982
522,Fiji,2012,33.74235535
523,Finland,2012,89.87999725
524,France,2012,81.44000244
525,French Polynesia,2012,52.87662888
526,Gabon,2012,24.0
527,Gambia,2012,12.44922829
528,Georgia,2012,36.93999863
529,Germany,2012,82.34999847
530,Ghana,2012,10.60000038
531,Gibraltar,2012,65.01699829
532,Greece,2012,55.06999207
533,Greenland,2012,64.89601135
534,Grenada,2012,32.0
535,Guam,2012,61.53416061
536,Guatemala,2012,16.0
537,Guinea,2012,3.099999905
538,Guinea-Bissau,2012,2.893990517
539,Guyana,2012,30.5
540,Haiti,2012,9.800000191
541,High income,2012,75.49973297
542,Honduras,2012,18.12000084
543,Hong Kong,2012,72.90000153
544,Hungary,2012,70.58000183
545,Iceland,2012,96.20980072
546,India,2012,11.10000038
547,Indonesia,2012,14.52000046
548,Iran,2012,22.72999954
549,Iraq,2012,7.099999905
550,Ireland,2012,76.91999054
551,Israel,2012,70.80000305
552,Italy,2012,55.82999802
553,Jamaica,2012,33.79000092
554,Japan,2012,79.49639893
555,Jordan,2012,37.0
556,Kazakhstan,2012,61.90662766
557,Kenya,2012,10.5
558,Kiribati,2012,10.74679756
559,Kosovo,2012,
560,Kuwait,2012,70.44999695
561,Kyrgyzstan,2012,19.79999924
562,Laos,2012,10.7476759
563,Latin America and Caribbean,2012,43.15839767
564,Latvia,2012,73.11994171
565,Lebanon,2012,61.24978638
566,Lesotho,2012,10.0
567,Liberia,2012,2.599999905
568,Libya,2012,15.19999981
569,Liechtenstein,2012,89.40769958
570,Lithuania,2012,67.2299881
571,Low and middle income,2012,25.52278328
572,Low income,2012,4.610525131
573,Lower middle income,2012,14.23622227
574,Luxembourg,2012,91.94992065
575,Macao,2012,61.31000137
576,Madagascar,2012,2.299999952
577,Malawi,2012,4.350599766
578,Malaysia,2012,65.80000305
579,Maldives,2012,38.93009949
580,Mali,2012,2.799999952
581,Malta,2012,68.19987488
582,Marshall Islands,2012,12.5
583,Mauritania,2012,5.0
584,Mauritius,2012,35.41999817
585,Mexico,2012,39.75
586,Micronesia (country),2012,25.97442245
587,Middle East and North Africa,2012,31.54395485
588,Middle income,2012,27.45270538
589,Moldova,2012,43.36999893
590,Monaco,2012,87.0
591,Mongolia,2012,16.39999962
592,Montenegro,2012,56.83878326
593,Morocco,2012,55.41605377
594,Mozambique,2012,5.0
595,Myanmar,2012,1.399999976
596,Namibia,2012,12.94139957
597,Nauru,2012,
598,Nepal,2012,11.14929962
599,Netherlands,2012,92.85999298
600,New Caledonia,2012,58.0
601,New Zealand,2012,81.64447021
602,Nicaragua,2012,13.5
603,Niger,2012,1.049999952
604,Nigeria,2012,16.10000038
605,North America,2012,75.53353119
606,North Korea,2012,0.0
607,North Macedonia,2012,57.44994736
608,Northern Mariana Islands,2012,
609,Norway,2012,94.64997864
610,Oman,2012,60.0
611,Pakistan,2012,8.100000381
612,Palau,2012,
613,Palestine,2012,43.40000153
614,Panama,2012,40.30189514
615,Papua New Guinea,2012,3.5
616,Paraguay,2012,29.34000015
617,Peru,2012,38.20000076
618,Philippines,2012,30.79999924
619,Poland,2012,62.30999756
620,Portugal,2012,60.33999634
621,Puerto Rico,2012,68.99998474
622,Qatar,2012,69.30000305
623,Romania,2012,45.87999344
624,Russia,2012,66.0
625,Rwanda,2012,8.023854256
626,Saint Kitts and Nevis,2012,64.0
627,Saint Lucia,2012,34.81999969
628,Saint Vincent and the Grenadines,2012,40.0
629,Samoa,2012,12.92249012
630,San Marino,2012,
631,Sao Tome and Principe,2012,21.57239914
632,Saudi Arabia,2012,54.0
633,Senegal,2012,10.80000019
634,Serbia,2012,48.09999847
635,Seychelles,2012,47.07600021
636,Sierra Leone,2012,2.5
637,Singapore,2012,72.0
638,Slovakia,2012,76.70999146
639,Slovenia,2012,68.34997559
640,Solomon Islands,2012,6.997399807
641,Somalia,2012,1.376700044
642,South Africa,2012,41.0
643,South Asia,2012,10.11200142
644,South Korea,2012,84.06999969
645,South Sudan,2012,
646,Spain,2012,69.80999756
647,Sri Lanka,2012,
648,Sub-Saharan Africa,2012,9.305421829
649,Sudan,2012,
650,Suriname,2012,34.68119812
651,Sweden,2012,93.17998505
652,Switzerland,2012,85.19999695
653,Syria,2012,24.30010033
654,Tajikistan,2012,14.51000023
655,Tanzania,2012,3.950000048
656,Thailand,2012,26.45999908
657,Timor,2012,7.0
658,Togo,2012,4.0
659,Tonga,2012,30.0
660,Trinidad and Tobago,2012,57.5
661,Tunisia,2012,41.4416008
662,Turkey,2012,45.13000107
663,Turkmenistan,2012,7.195799828
664,Turks and Caicos Islands,2012,
665,Tuvalu,2012,18.70000076
666,Uganda,2012,4.800000191
667,Ukraine,2012,35.27000046
668,United Arab Emirates,2012,84.99999237
669,United Kingdom,2012,87.47999573
670,United States,2012,74.69999695
671,United States Virgin Islands,2012,40.54790115
672,Upper middle income,2012,43.5828743
673,Uruguay,2012,54.45376968
674,Uzbekistan,2012,23.60000038
675,Vanuatu,2012,10.59799957
676,Venezuela,2012,49.05008316
677,Vietnam,2012,36.79999924
678,Yemen,2012,17.44650078
679,Zambia,2012,4.099999905
680,Zimbabwe,2012,12.0
681,Afghanistan,2013,5.900000095
682,Albania,2013,51.79999924
683,Algeria,2013,22.5
684,American Samoa,2013,
685,Andorra,2013,84.40000153
686,Angola,2013,13.0
687,Antigua and Barbuda,2013,63.40000153
688,Argentina,2013,59.90000153
689,Armenia,2013,41.90000153
690,Aruba,2013,78.90000153
691,Australia,2013,83.45349884
692,Austria,2013,80.6187973
693,Azerbaijan,2013,73.0
694,Bahamas,2013,72.0
695,Bahrain,2013,90.00003815
696,Bangladesh,2013,6.630000114
697,Barbados,2013,71.80000305
698,Belarus,2013,54.16999817
699,Belgium,2013,82.17019653
700,Belize,2013,33.59999847
701,Benin,2013,4.900000095
702,Bermuda,2013,95.30000305
703,Bhutan,2013,22.39999962
704,Bolivia,2013,36.99000168
705,Bosnia and Herzegovina,2013,48.52131271
706,Botswana,2013,30.0
707,Brazil,2013,51.04000092
708,British Virgin Islands,2013,
709,Brunei,2013,64.5
710,Bulgaria,2013,53.06150055
711,Burkina Faso,2013,5.0
712,Burundi,2013,1.264218092
713,Cambodia,2013,6.0
714,Cameroon,2013,10.0
715,Canada,2013,85.80000305
716,Cape Verde,2013,37.5
717,Cayman Islands,2013,71.40000153
718,Central African Republic,2013,2.5
719,Chad,2013,2.5
720,Chile,2013,58.0
721,China,2013,45.79999924
722,Colombia,2013,51.70000076
723,Comoros,2013,6.5
724,Congo,2013,6.599999905
725,Costa Rica,2013,45.95999908
726,Cote d'Ivoire,2013,6.599999905
727,Croatia,2013,66.74759674
728,Cuba,2013,27.93000031
729,Curacao,2013,
730,Cyprus,2013,65.45480347
731,Czechia,2013,74.11039734
732,Democratic Republic of Congo,2013,2.200000048
733,Denmark,2013,94.62969971
734,Djibouti,2013,12.69999981
735,Dominica,2013,51.0
736,Dominican Republic,2013,45.90000153
737,East Asia and Pacific,2013,43.31155777
738,Ecuador,2013,40.2791214
739,Egypt,2013,29.39999962
740,El Salvador,2013,23.10930061
741,Equatorial Guinea,2013,16.39999962
742,Eritrea,2013,0.8999999762
743,Estonia,2013,80.00430298
744,Eswatini,2013,24.70000076
745,Ethiopia,2013,4.599999905
746,Europe and Central Asia,2013,66.31938934
747,European Union,2013,73.61036682
748,Faeroe Islands,2013,90.0
749,Fiji,2013,35.20000076
750,Finland,2013,91.51439667
751,France,2013,81.9197998
752,French Polynesia,2013,56.79999924
753,Gabon,2013,30.53803253
754,Gambia,2013,14.0
755,Georgia,2013,43.29999924
756,Germany,2013,84.16999817
757,Ghana,2013,15.0
758,Gibraltar,2013,
759,Greece,2013,59.86629868
760,Greenland,2013,65.80000305
761,Grenada,2013,35.0
762,Guam,2013,65.40000153
763,Guatemala,2013,19.70000076
764,Guinea,2013,4.5
765,Guinea-Bissau,2013,3.099999905
766,Guyana,2013,31.0
767,Haiti,2013,10.60000038
768,High income,2013,76.85536957
769,Honduras,2013,17.79999924
770,Hong Kong,2013,74.19999695
771,Hungary,2013,72.64389801
772,Iceland,2013,96.54679871
773,India,2013,12.30000019
774,Indonesia,2013,14.93999958
775,Iran,2013,29.95000076
776,Iraq,2013,9.199999809
777,Ireland,2013,78.24770355
778,Israel,2013,70.25031281
779,Italy,2013,58.45930099
780,Jamaica,2013,37.09999847
781,Japan,2013,88.21942902
782,Jordan,2013,41.40000153
783,Kazakhstan,2013,63.30422592
784,Kenya,2013,13.0
785,Kiribati,2013,11.5
786,Kosovo,2013,
787,Kuwait,2013,75.45999908
788,Kyrgyzstan,2013,23.0
789,Laos,2013,12.5
790,Latin America and Caribbean,2013,46.22867584
791,Latvia,2013,75.23439789
792,Lebanon,2013,70.5
793,Lesotho,2013,15.0
794,Liberia,2013,3.200000048
795,Libya,2013,16.5
796,Liechtenstein,2013,93.80000305
797,Lithuania,2013,68.45290375
798,Low and middle income,2013,27.64858627
799,Low income,2013,5.386800766
800,Lower middle income,2013,15.94791889
801,Luxembourg,2013,93.77649689
802,Macao,2013,65.80000305
803,Madagascar,2013,3.0
804,Malawi,2013,5.050000191
805,Malaysia,2013,57.05751038
806,Maldives,2013,44.09999847
807,Mali,2013,3.5
808,Malta,2013,68.9138031
809,Marshall Islands,2013,14.0
810,Mauritania,2013,6.199999809
811,Mauritius,2013,40.1168251
812,Mexico,2013,43.45999908
813,Micronesia (country),2013,27.79999924
814,Middle East and North Africa,2013,35.515625
815,Middle income,2013,29.77399635
816,Moldova,2013,60.0
817,Monaco,2013,90.69999695
818,Mongolia,2013,17.6999836
819,Montenegro,2013,60.31000137
820,Morocco,2013,56.0
821,Mozambique,2013,5.5
822,Myanmar,2013,1.799999952
823,Namibia,2013,13.89999962
824,Nauru,2013,
825,Nepal,2013,13.30000019
826,Netherlands,2013,93.95639801
827,New Caledonia,2013,66.0
828,New Zealand,2013,82.77999878
829,Nicaragua,2013,15.5
830,Niger,2013,1.149999976
831,Nigeria,2013,19.10000038
832,North America,2013,72.8493042
833,North Korea,2013,0.0
834,North Macedonia,2013,65.23999786
835,Northern Mariana Islands,2013,
836,Norway,2013,95.05339813
837,Oman,2013,66.44999695
838,Pakistan,2013,9.0
839,Palau,2013,
840,Palestine,2013,46.59999847
841,Panama,2013,44.02999878
842,Papua New Guinea,2013,5.099999905
843,Paraguay,2013,36.90000153
844,Peru,2013,39.20000076
845,Philippines,2013,32.70000076
846,Poland,2013,62.8492012
847,Portugal,2013,62.09560013
848,Puerto Rico,2013,68.99999237
849,Qatar,2013,85.30000305
850,Romania,2013,49.76449966
851,Russia,2013,67.97000122
852,Rwanda,2013,9.0
853,Saint Kitts and Nevis,2013,64.59999847
854,Saint Lucia,2013,36.0
855,Saint Vincent and the Grenadines,2013,43.5
856,Samoa,2013,15.30000019
857,San Marino,2013,
858,Sao Tome and Principe,2013,23.0
859,Saudi Arabia,2013,60.5
860,Senegal,2013,13.10000038
861,Serbia,2013,53.45036316
862,Seychelles,2013,50.40000153
863,Sierra Leone,2013,4.0
864,Singapore,2013,80.90205383
865,Slovakia,2013,77.88259888
866,Slovenia,2013,72.67559814
867,Solomon Islands,2013,8.0
868,Somalia,2013,1.5
869,South Africa,2013,46.5
870,South Asia,2013,11.31699467
871,South Korea,2013,84.76999664
872,South Sudan,2013,2.200000048
873,Spain,2013,71.63500214
874,Sri Lanka,2013,
875,Sub-Saharan Africa,2013,11.19203281
876,Sudan,2013,
877,Suriname,2013,37.40000153
878,Sweden,2013,94.78359985
879,Switzerland,2013,86.33999634
880,Syria,2013,26.20000076
881,Tajikistan,2013,16.0
882,Tanzania,2013,4.400000095
883,Thailand,2013,28.94000053
884,Timor,2013,11.0
885,Togo,2013,4.5
886,Tonga,2013,32.75395966
887,Trinidad and Tobago,2013,59.90000153
888,Tunisia,2013,43.79999924
889,Turkey,2013,46.25
890,Turkmenistan,2013,9.600000381
891,Turks and Caicos Islands,2013,
892,Tuvalu,2013,21.20000076
893,Uganda,2013,5.099999905
894,Ukraine,2013,40.95412827
895,United Arab Emirates,2013,88.0
896,United Kingdom,2013,89.84410095
897,United States,2013,71.40000153
898,United States Virgin Islands,2013,45.29999924
899,Upper middle income,2013,46.77173996
900,Uruguay,2013,57.68999863
901,Uzbekistan,2013,26.79999924
902,Vanuatu,2013,11.30000019
903,Venezuela,2013,54.90000153
904,Vietnam,2013,38.5
905,Yemen,2013,20.0
906,Zambia,2013,4.800000191
907,Zimbabwe,2013,15.5
908,Afghanistan,2014,7.0
909,Albania,2014,54.29999924
910,Algeria,2014,29.5
911,American Samoa,2014,
912,Andorra,2014,86.09999847
913,Angola,2014,21.39999962
914,Antigua and Barbuda,2014,67.77999878
915,Argentina,2014,64.69999695
916,Armenia,2014,54.62280655
917,Aruba,2014,83.77999878
918,Australia,2014,84.0
919,Austria,2014,80.99582672
920,Azerbaijan,2014,75.00001526
921,Bahamas,2014,76.91999817
922,Bahrain,2014,90.50313568
923,Bangladesh,2014,11.89999962
924,Barbados,2014,75.16000366
925,Belarus,2014,59.02000046
926,Belgium,2014,85.0
927,Belize,2014,38.70000076
928,Benin,2014,6.0
929,Bermuda,2014,96.80000305
930,Bhutan,2014,30.29999924
931,Bolivia,2014,34.59999847
932,Bosnia and Herzegovina,2014,49.91773224
933,Botswana,2014,36.74474716
934,Brazil,2014,54.5510025
935,British Virgin Islands,2014,
936,Brunei,2014,68.76999664
937,Bulgaria,2014,55.49000168
938,Burkina Faso,2014,6.0
939,Burundi,2014,1.399999976
940,Cambodia,2014,14.0
941,Cameroon,2014,16.21487236
942,Canada,2014,87.12000275
943,Cape Verde,2014,40.25999832
944,Cayman Islands,2014,74.09999847
945,Central African Republic,2014,2.700000048
946,Chad,2014,2.900000095
947,Chile,2014,61.11000061
948,China,2014,47.90000153
949,Colombia,2014,52.56999969
950,Comoros,2014,6.980000019
951,Congo,2014,7.110000134
952,Costa Rica,2014,53.0
953,Cote d'Ivoire,2014,10.0
954,Croatia,2014,68.56999969
955,Cuba,2014,29.07018471
956,Curacao,2014,
957,Cyprus,2014,69.33000183
958,Czechia,2014,74.23171234
959,Democratic Republic of Congo,2014,3.0
960,Denmark,2014,95.98999786
961,Djibouti,2014,17.0
962,Dominica,2014,57.5
963,Dominican Republic,2014,49.58000183
964,East Asia and Pacific,2014,46.09100342
965,Ecuador,2014,45.59038925
966,Egypt,2014,33.89460373
967,El Salvador,2014,24.76171303
968,Equatorial Guinea,2014,18.86000061
969,Eritrea,2014,0.9900000095
970,Estonia,2014,84.24153137
971,Eswatini,2014,25.0
972,Ethiopia,2014,7.699999809
973,Europe and Central Asia,2014,68.9834137
974,European Union,2014,75.1855011
975,Faeroe Islands,2014,93.30000305
976,Fiji,2014,37.40000153
977,Finland,2014,86.53039551
978,France,2014,83.75
979,French Polynesia,2014,60.68000031
980,Gabon,2014,38.07120895
981,Gambia,2014,15.56000042
982,Georgia,2014,44.0
983,Germany,2014,86.19000244
984,Ghana,2014,19.0
985,Gibraltar,2014,
986,Greece,2014,63.20999908
987,Greenland,2014,66.69999695
988,Grenada,2014,51.59999847
989,Guam,2014,69.26999664
990,Guatemala,2014,23.39999962
991,Guinea,2014,6.400000095
992,Guinea-Bissau,2014,3.319999933
993,Guyana,2014,32.0
994,Haiti,2014,11.39999962
995,High income,2014,78.4944458
996,Honduras,2014,23.0
997,Hong Kong,2014,79.86627197
998,Hungary,2014,75.65319824
999,Iceland,2014,98.16000366
1000,India,2014,13.5
1001,Indonesia,2014,17.13999939
1002,Iran,2014,39.34999847
1003,Iraq,2014,13.21000004
1004,Ireland,2014,83.49172211
1005,Israel,2014,75.0177536
1006,Italy,2014,55.63846207
1007,Jamaica,2014,40.40273666
1008,Japan,2014,89.10683441
1009,Jordan,2014,46.20000076
1010,Kazakhstan,2014,66.0
1011,Kenya,2014,16.5
1012,Kiribati,2014,12.25
1013,Kosovo,2014,
1014,Kuwait,2014,78.69999695
1015,Kyrgyzstan,2014,28.29999924
1016,Laos,2014,14.26000023
1017,Latin America and Caribbean,2014,48.77231598
1018,Latvia,2014,75.83000183
1019,Lebanon,2014,73.0
1020,Lesotho,2014,22.0
1021,Liberia,2014,5.409999847
1022,Libya,2014,17.76000023
1023,Liechtenstein,2014,95.20999908
1024,Lithuania,2014,72.12999725
1025,Low and middle income,2014,30.04125977
1026,Low income,2014,7.023654938
1027,Lower middle income,2014,18.33751297
1028,Luxembourg,2014,94.66999817
1029,Macao,2014,69.77999878
1030,Madagascar,2014,3.700000048
1031,Malawi,2014,5.829999924
1032,Malaysia,2014,63.66542435
1033,Maldives,2014,49.27999878
1034,Mali,2014,7.0
1035,Malta,2014,73.16999817
1036,Marshall Islands,2014,16.79999924
1037,Mauritania,2014,11.80000019
1038,Mauritius,2014,44.80327606
1039,Mexico,2014,44.38999939
1040,Micronesia (country),2014,29.64999962
1041,Middle East and North Africa,2014,40.41354752
1042,Middle income,2014,32.15723419
1043,Moldova,2014,67.0
1044,Monaco,2014,92.40000153
1045,Mongolia,2014,19.94244766
1046,Montenegro,2014,61.0
1047,Morocco,2014,56.79999924
1048,Mozambique,2014,6.0
1049,Myanmar,2014,7.400000095
1050,Namibia,2014,14.84000015
1051,Nauru,2014,
1052,Nepal,2014,15.43999958
1053,Netherlands,2014,91.66666412
1054,New Caledonia,2014,70.0
1055,New Zealand,2014,84.0
1056,Nicaragua,2014,17.60000038
1057,Niger,2014,1.248675704
1058,Nigeria,2014,21.0
1059,North America,2014,74.42523193
1060,North Korea,2014,
1061,North Macedonia,2014,68.05999756
1062,Northern Mariana Islands,2014,
1063,Norway,2014,96.30000305
1064,Oman,2014,70.22000122
1065,Pakistan,2014,10.0
1066,Palau,2014,
1067,Palestine,2014,53.66999817
1068,Panama,2014,44.91999817
1069,Papua New Guinea,2014,6.5
1070,Paraguay,2014,43.0
1071,Peru,2014,40.20000076
1072,Philippines,2014,34.70000076
1073,Poland,2014,66.59999847
1074,Portugal,2014,64.58999634
1075,Puerto Rico,2014,69.0
1076,Qatar,2014,91.48999786
1077,Romania,2014,54.08000183
1078,Russia,2014,70.51999664
1079,Rwanda,2014,10.60000038
1080,Saint Kitts and Nevis,2014,68.0
1081,Saint Lucia,2014,39.70000076
1082,Saint Vincent and the Grenadines,2014,47.40000153
1083,Samoa,2014,21.20000076
1084,San Marino,2014,
1085,Sao Tome and Principe,2014,24.40999985
1086,Saudi Arabia,2014,64.71365356
1087,Senegal,2014,17.70000076
1088,Serbia,2014,62.07508087
1089,Seychelles,2014,51.25470352
1090,Sierra Leone,2014,6.057299137
1091,Singapore,2014,82.09999847
1092,Slovakia,2014,79.98000336
1093,Slovenia,2014,71.58999634
1094,Solomon Islands,2014,9.0
1095,Somalia,2014,1.629999995
1096,South Africa,2014,49.0
1097,South Asia,2014,12.84579754
1098,South Korea,2014,87.55682373
1099,South Sudan,2014,2.599999905
1100,Spain,2014,76.19000244
1101,Sri Lanka,2014,10.5
1102,Sub-Saharan Africa,2014,13.40872097
1103,Sudan,2014,
1104,Suriname,2014,40.08000183
1105,Sweden,2014,92.51999664
1106,Switzerland,2014,87.40000153
1107,Syria,2014,28.09000015
1108,Tajikistan,2014,17.48999977
1109,Tanzania,2014,7.0
1110,Thailand,2014,34.88999939
1111,Timor,2014,17.5
1112,Togo,2014,5.699999809
1113,Tonga,2014,35.95444107
1114,Trinidad and Tobago,2014,62.40000153
1115,Tunisia,2014,46.15999985
1116,Turkey,2014,51.04000092
1117,Turkmenistan,2014,12.19999981
1118,Turks and Caicos Islands,2014,
1119,Tuvalu,2014,24.10000038
1120,Uganda,2014,5.400000095
1121,Ukraine,2014,46.23597717
1122,United Arab Emirates,2014,90.40000153
1123,United Kingdom,2014,91.61000061
1124,United States,2014,73.0
1125,United States Virgin Islands,2014,50.06999969
1126,Upper middle income,2014,49.37331009
1127,Uruguay,2014,61.45999908
1128,Uzbekistan,2014,35.5
1129,Vanuatu,2014,18.79999924
1130,Venezuela,2014,57.0
1131,Vietnam,2014,41.0
1132,Yemen,2014,22.54999924
1133,Zambia,2014,6.5
1134,Zimbabwe,2014,16.36474037
1135,Afghanistan,2015,8.260000229
1136,Albania,2015,56.90000153
1137,Algeria,2015,38.20000076
1138,American Samoa,2015,
1139,Andorra,2015,87.90000153
1140,Angola,2015,22.0
1141,Antigua and Barbuda,2015,70.0
1142,Argentina,2015,68.0430603
1143,Armenia,2015,59.10083389
1144,Aruba,2015,88.66122437
1145,Australia,2015,84.56051636
1146,Austria,2015,83.94013977
1147,Azerbaijan,2015,77.0
1148,Bahamas,2015,78.0
1149,Bahrain,2015,93.478302
1150,Bangladesh,2015,12.89999962
1151,Barbados,2015,76.11000061
1152,Belarus,2015,62.23036194
1153,Belgium,2015,85.05294037
1154,Belize,2015,41.59000015
1155,Benin,2015,11.25498772
1156,Bermuda,2015,98.3236084
1157,Bhutan,2015,39.79999924
1158,Bolivia,2015,37.49000168
1159,Bosnia and Herzegovina,2015,52.59999847
1160,Botswana,2015,37.31204987
1161,Brazil,2015,58.32795334
1162,British Virgin Islands,2015,
1163,Brunei,2015,71.19999695
1164,Bulgaria,2015,56.65625
1165,Burkina Faso,2015,8.0
1166,Burundi,2015,2.0
1167,Cambodia,2015,18.0
1168,Cameroon,2015,18.29999924
1169,Canada,2015,90.0
1170,Cape Verde,2015,42.68301392
1171,Cayman Islands,2015,77.0
1172,Central African Republic,2015,2.900000095
1173,Chad,2015,3.5
1174,Chile,2015,76.6295929
1175,China,2015,50.29999924
1176,Colombia,2015,55.90497208
1177,Comoros,2015,7.459161282
1178,Congo,2015,7.615974426
1179,Costa Rica,2015,59.7629509
1180,Cote d'Ivoire,2015,16.70000076
1181,Croatia,2015,69.84503937
1182,Cuba,2015,37.30509567
1183,Curacao,2015,
1184,Cyprus,2015,71.71574402
1185,Czechia,2015,75.6688385
1186,Democratic Republic of Congo,2015,3.799999475
1187,Denmark,2015,96.33050537
1188,Djibouti,2015,22.89999962
1189,Dominica,2015,65.0
1190,Dominican Republic,2015,54.21576691
1191,East Asia and Pacific,2015,48.87998962
1192,Ecuador,2015,48.9404335
1193,Egypt,2015,37.81938171
1194,El Salvador,2015,26.80260468
1195,Equatorial Guinea,2015,21.31999969
1196,Eritrea,2015,1.083733082
1197,Estonia,2015,88.40970612
1198,Eswatini,2015,25.64304161
1199,Ethiopia,2015,13.85517597
1200,Europe and Central Asia,2015,70.01831055
1201,European Union,2015,75.65441895
1202,Faeroe Islands,2015,94.19999695
1203,Fiji,2015,42.5
1204,Finland,2015,86.4221344
1205,France,2015,78.00603485
1206,French Polynesia,2015,64.56021118
1207,Gabon,2015,45.78453827
1208,Gambia,2015,18.20000076
1209,Georgia,2015,47.56975937
1210,Germany,2015,87.58979797
1211,Ghana,2015,23.0
1212,Gibraltar,2015,
1213,Greece,2015,66.83496094
1214,Greenland,2015,67.60044098
1215,Grenada,2015,52.5
1216,Guam,2015,73.13999939
1217,Guatemala,2015,28.80594063
1218,Guinea,2015,9.199999809
1219,Guinea-Bissau,2015,6.099999905
1220,Guyana,2015,34.0
1221,Haiti,2015,14.19999981
1222,High income,2015,79.93095398
1223,Honduras,2015,27.10000038
1224,Hong Kong,2015,84.94835663
1225,Hungary,2015,72.83473969
1226,Iceland,2015,98.19999695
1227,India,2015,14.89999962
1228,Indonesia,2015,22.06274223
1229,Iran,2015,45.3349762
1230,Iraq,2015,16.79999924
1231,Ireland,2015,83.49478912
1232,Israel,2015,77.35208893
1233,Italy,2015,58.14173508
1234,Jamaica,2015,42.22122192
1235,Japan,2015,91.05802917
1236,Jordan,2015,54.22000122
1237,Kazakhstan,2015,70.82993317
1238,Kenya,2015,16.58785439
1239,Kiribati,2015,14.89999962
1240,Kosovo,2015,
1241,Kuwait,2015,82.0
1242,Kyrgyzstan,2015,30.24704361
1243,Laos,2015,18.20000076
1244,Latin America and Caribbean,2015,54.3903656
1245,Latvia,2015,79.20058441
1246,Lebanon,2015,74.0
1247,Lesotho,2015,25.0
1248,Liberia,2015,10.0
1249,Libya,2015,
1250,Liechtenstein,2015,96.6411972
1251,Lithuania,2015,71.37805939
1252,Low and middle income,2015,32.67803955
1253,Low income,2015,9.158151627
1254,Lower middle income,2015,20.77431679
1255,Luxembourg,2015,96.37671661
1256,Macao,2015,77.60012817
1257,Madagascar,2015,4.17397213
1258,Malawi,2015,6.0
1259,Malaysia,2015,71.06406403
1260,Maldives,2015,54.46195602
1261,Mali,2015,10.32999992
1262,Malta,2015,75.96002197
1263,Marshall Islands,2015,19.28244209
1264,Mauritania,2015,17.60000038
1265,Mauritius,2015,50.13932037
1266,Mexico,2015,57.43104172
1267,Micronesia (country),2015,31.50108147
1268,Middle East and North Africa,2015,44.84419632
1269,Middle income,2015,34.87554932
1270,Moldova,2015,69.00000763
1271,Monaco,2015,93.36330414
1272,Mongolia,2015,22.50000381
1273,Montenegro,2015,68.11978912
1274,Morocco,2015,57.07999802
1275,Mozambique,2015,6.5
1276,Myanmar,2015,10.89999962
1277,Namibia,2015,25.68785095
1278,Nauru,2015,
1279,Nepal,2015,17.58161736
1280,Netherlands,2015,91.72413635
1281,New Caledonia,2015,74.00175476
1282,New Zealand,2015,85.19999695
1283,Nicaragua,2015,19.7042923
1284,Niger,2015,2.476219893
1285,Nigeria,2015,24.5
1286,North America,2015,76.11729431
1287,North Korea,2015,
1288,North Macedonia,2015,70.38020325
1289,Northern Mariana Islands,2015,
1290,Norway,2015,96.81032562
1291,Oman,2015,73.52999878
1292,Pakistan,2015,11.0
1293,Palau,2015,
1294,Palestine,2015,56.70000076
1295,Panama,2015,51.20542526
1296,Papua New Guinea,2015,7.900000095
1297,Paraguay,2015,49.71630478
1298,Peru,2015,40.8526001
1299,Philippines,2015,36.90000153
1300,Poland,2015,67.99698639
1301,Portugal,2015,68.63285828
1302,Puerto Rico,2015,63.4663353
1303,Qatar,2015,92.88482666
1304,Romania,2015,55.76315689
1305,Russia,2015,70.09924316
1306,Rwanda,2015,18.0
1307,Saint Kitts and Nevis,2015,75.69999695
1308,Saint Lucia,2015,41.70000076
1309,Saint Vincent and the Grenadines,2015,49.40000153
1310,Samoa,2015,25.40700912
1311,San Marino,2015,
1312,Sao Tome and Principe,2015,25.81999969
1313,Saudi Arabia,2015,69.61623383
1314,Senegal,2015,21.70000076
1315,Serbia,2015,65.31702423
1316,Seychelles,2015,54.25961685
1317,Sierra Leone,2015,6.344421387
1318,Singapore,2015,83.19999695
1319,Slovakia,2015,77.6346817
1320,Slovenia,2015,73.09866333
1321,Solomon Islands,2015,10.00046539
1322,Somalia,2015,1.75999999
1323,South Africa,2015,51.91911697
1324,South Asia,2015,14.17472649
1325,South Korea,2015,89.89625549
1326,South Sudan,2015,3.0
1327,Spain,2015,78.6896286
1328,Sri Lanka,2015,12.10000038
1329,Sub-Saharan Africa,2015,16.12302589
1330,Sudan,2015,
1331,Suriname,2015,42.76382828
1332,Sweden,2015,90.61019897
1333,Switzerland,2015,87.47905731
1334,Syria,2015,29.97979736
1335,Tajikistan,2015,18.97999954
1336,Tanzania,2015,10.0
1337,Thailand,2015,39.31612778
1338,Timor,2015,18.60000038
1339,Togo,2015,7.119999886
1340,Tonga,2015,38.65127182
1341,Trinidad and Tobago,2015,65.09999847
1342,Tunisia,2015,46.49999619
1343,Turkey,2015,53.74497986
1344,Turkmenistan,2015,14.99677467
1345,Turks and Caicos Islands,2015,
1346,Tuvalu,2015,27.29999924
1347,Uganda,2015,5.699999809
1348,Ukraine,2015,48.88464355
1349,United Arab Emirates,2015,90.5
1350,United Kingdom,2015,92.00029755
1351,United States,2015,74.55419922
1352,United States Virgin Islands,2015,54.83913803
1353,Upper middle income,2015,52.61857986
1354,Uruguay,2015,64.57078552
1355,Uzbekistan,2015,42.79999924
1356,Vanuatu,2015,22.35140419
1357,Venezuela,2015,58.0
1358,Vietnam,2015,45.0
1359,Yemen,2015,24.08540916
1360,Zambia,2015,8.800000191
1361,Zimbabwe,2015,22.74281883
1362,Afghanistan,2016,11.0
1363,Albania,2016,59.59999847
1364,Algeria,2016,42.94552612
1365,American Samoa,2016,
1366,Andorra,2016,89.69999695
1367,Angola,2016,23.20000076
1368,Antigua and Barbuda,2016,73.0
1369,Argentina,2016,70.96897888
1370,Armenia,2016,64.34603119
1371,Aruba,2016,93.54245758
1372,Australia,2016,86.54000092
1373,Austria,2016,84.32374573
1374,Azerbaijan,2016,78.19999695
1375,Bahamas,2016,80.0
1376,Bahrain,2016,97.99997711
1377,Bangladesh,2016,18.10000038
1378,Barbados,2016,79.54940033
1379,Belarus,2016,71.11304474
1380,Belgium,2016,86.51647949
1381,Belize,2016,44.57574081
1382,Benin,2016,14.5
1383,Bermuda,2016,98.0
1384,Bhutan,2016,41.77264404
1385,Bolivia,2016,39.69751358
1386,Bosnia and Herzegovina,2016,60.25653458
1387,Botswana,2016,39.36299896
1388,Brazil,2016,60.87253952
1389,British Virgin Islands,2016,77.70143127
1390,Brunei,2016,90.0
1391,Bulgaria,2016,59.82554626
1392,Burkina Faso,2016,12.0
1393,Burundi,2016,2.200000048
1394,Cambodia,2016,32.39845276
1395,Cameroon,2016,20.60000038
1396,Canada,2016,91.16000366
1397,Cape Verde,2016,50.32281876
1398,Cayman Islands,2016,79.0
1399,Central African Republic,2016,3.099999905
1400,Chad,2016,5.800000191
1401,Chile,2016,83.55858612
1402,China,2016,53.20000076
1403,Colombia,2016,58.13649368
1404,Comoros,2016,7.938322544
1405,Congo,2016,8.121949196
1406,Costa Rica,2016,65.88044739
1407,Cote d'Ivoire,2016,25.29999924
1408,Croatia,2016,72.69727325
1409,Cuba,2016,42.97867584
1410,Curacao,2016,61.85551071
1411,Cyprus,2016,75.90020752
1412,Czechia,2016,76.48120117
1413,Democratic Republic of Congo,2016,6.209974289
1414,Denmark,2016,96.9677887
1415,Djibouti,2016,30.79999924
1416,Dominica,2016,67.02999878
1417,Dominican Republic,2016,63.87086487
1418,East Asia and Pacific,2016,52.24224854
1419,Ecuador,2016,54.06292343
1420,Egypt,2016,41.24806595
1421,El Salvador,2016,28.99707222
1422,Equatorial Guinea,2016,23.78000069
1423,Eritrea,2016,1.177118778
1424,Estonia,2016,87.24023438
1425,Eswatini,2016,28.56999969
1426,Ethiopia,2016,15.36692429
1427,Europe and Central Asia,2016,72.3966217
1428,European Union,2016,76.89717865
1429,Faeroe Islands,2016,95.10868073
1430,Fiji,2016,49.41999817
1431,Finland,2016,87.70365143
1432,France,2016,79.26981354
1433,French Polynesia,2016,68.44042206
1434,Gabon,2016,48.0522728
1435,Gambia,2016,21.39999962
1436,Georgia,2016,58.45928955
1437,Germany,2016,84.16520691
1438,Ghana,2016,28.0
1439,Gibraltar,2016,94.44447327
1440,Greece,2016,69.08791351
1441,Greenland,2016,68.50087738
1442,Grenada,2016,53.29999924
1443,Guam,2016,77.01000214
1444,Guatemala,2016,34.50932693
1445,Guinea,2016,13.10000038
1446,Guinea-Bissau,2016,13.80000019
1447,Guyana,2016,35.65999985
1448,Haiti,2016,22.79999924
1449,High income,2016,84.27359772
1450,Honduras,2016,29.5
1451,Hong Kong,2016,87.47941589
1452,Hungary,2016,79.25941467
1453,Iceland,2016,98.24001312
1454,India,2016,16.5
1455,Indonesia,2016,25.44735336
1456,Iran,2016,53.22677231
1457,Iraq,2016,37.66999817
1458,Ireland,2016,83.5
1459,Israel,2016,79.65312195
1460,Italy,2016,61.32425308
1461,Jamaica,2016,44.36685562
1462,Japan,2016,93.182724
1463,Jordan,2016,56.15000153
1464,Kazakhstan,2016,74.58772278
1465,Kenya,2016,16.60000038
1466,Kiribati,2016,18.70000076
1467,Kosovo,2016,
1468,Kuwait,2016,85.59999847
1469,Kyrgyzstan,2016,34.5
1470,Laos,2016,21.87000084
1471,Latin America and Caribbean,2016,57.52878571
1472,Latvia,2016,79.84209442
1473,Lebanon,2016,76.11000061
1474,Lesotho,2016,32.45385742
1475,Liberia,2016,15.69999981
1476,Libya,2016,
1477,Liechtenstein,2016,98.09390259
1478,Lithuania,2016,74.37664795
1479,Low and middle income,2016,35.39263153
1480,Low income,2016,11.10052586
1481,Lower middle income,2016,23.49909401
1482,Luxembourg,2016,98.13669586
1483,Macao,2016,81.64298248
1484,Madagascar,2016,4.713663101
1485,Malawi,2016,6.300000191
1486,Malaysia,2016,78.78830719
1487,Maldives,2016,59.09259033
1488,Mali,2016,14.0
1489,Malta,2016,78.07514954
1490,Marshall Islands,2016,29.78777885
1491,Mauritania,2016,24.10000038
1492,Mauritius,2016,52.19132614
1493,Mexico,2016,59.54044724
1494,Micronesia (country),2016,33.35216141
1495,Middle East and North Africa,2016,50.28753662
1496,Middle income,2016,37.86980057
1497,Moldova,2016,71.0
1498,Monaco,2016,95.20817566
1499,Mongolia,2016,22.26576996
1500,Montenegro,2016,69.8816452
1501,Morocco,2016,58.27123642
1502,Mozambique,2016,7.0
1503,Myanmar,2016,16.0
1504,Namibia,2016,31.03334618
1505,Nauru,2016,
1506,Nepal,2016,20.70000076
1507,Netherlands,2016,90.41095734
1508,New Caledonia,2016,
1509,New Zealand,2016,86.5
1510,Nicaragua,2016,24.57183456
1511,Niger,2016,4.322758198
1512,Nigeria,2016,25.67000008
1513,North America,2016,86.11499786
1514,North Korea,2016,
1515,North Macedonia,2016,72.15681458
1516,Northern Mariana Islands,2016,
1517,Norway,2016,97.29820251
1518,Oman,2016,76.84539032
1519,Pakistan,2016,12.38544655
1520,Palau,2016,
1521,Palestine,2016,59.90000153
1522,Panama,2016,54.0
1523,Papua New Guinea,2016,9.601538658
1524,Paraguay,2016,53.40412903
1525,Peru,2016,45.4617424
1526,Philippines,2016,39.20000076
1527,Poland,2016,73.30070496
1528,Portugal,2016,70.42356873
1529,Puerto Rico,2016,68.64380646
1530,Qatar,2016,95.12466431
1531,Romania,2016,59.50395203
1532,Russia,2016,73.09143829
1533,Rwanda,2016,20.0
1534,Saint Kitts and Nevis,2016,76.81767273
1535,Saint Lucia,2016,43.79999924
1536,Saint Vincent and the Grenadines,2016,51.5
1537,Samoa,2016,29.41172981
1538,San Marino,2016,
1539,Sao Tome and Principe,2016,28.0
1540,Saudi Arabia,2016,74.87927246
1541,Senegal,2016,25.66476822
1542,Serbia,2016,67.05683899
1543,Seychelles,2016,56.51470947
1544,Sierra Leone,2016,11.77318478
1545,Singapore,2016,84.45227051
1546,Slovakia,2016,80.4758606
1547,Slovenia,2016,75.49850464
1548,Solomon Islands,2016,11.00090218
1549,Somalia,2016,1.879999995
1550,South Africa,2016,54.0
1551,South Asia,2016,16.12973213
1552,South Korea,2016,92.84302521
1553,South Sudan,2016,3.5
1554,Spain,2016,80.5613327
1555,Sri Lanka,2016,15.10000038
1556,Sub-Saharan Africa,2016,17.92468452
1557,Sudan,2016,14.10000038
1558,Suriname,2016,45.40000153
1559,Sweden,2016,89.65094757
1560,Switzerland,2016,89.13468933
1561,Syria,2016,31.869627
1562,Tajikistan,2016,20.46999931
1563,Tanzania,2016,13.50423241
1564,Thailand,2016,47.50496674
1565,Timor,2016,21.20000076
1566,Togo,2016,11.31000042
1567,Tonga,2016,39.95000076
1568,Trinidad and Tobago,2016,67.80000305
1569,Tunisia,2016,49.59999466
1570,Turkey,2016,58.34773254
1571,Turkmenistan,2016,17.99032402
1572,Turks and Caicos Islands,2016,
1573,Tuvalu,2016,31.0
1574,Uganda,2016,6.0
1575,Ukraine,2016,53.00096893
1576,United Arab Emirates,2016,90.6000061
1577,United Kingdom,2016,94.77580261
1578,United States,2016,85.54441833
1579,United States Virgin Islands,2016,59.60831451
1580,Upper middle income,2016,56.08361435
1581,Uruguay,2016,66.40000153
1582,Uzbekistan,2016,46.79128647
1583,Vanuatu,2016,24.0
1584,Venezuela,2016,60.0
1585,Vietnam,2016,53.0
1586,Yemen,2016,24.57920837
1587,Zambia,2016,10.30000019
1588,Zimbabwe,2016,23.1199894
1589,Afghanistan,2017,13.5
1590,Albania,2017,62.40000153
1591,Algeria,2017,47.6910553
1592,American Samoa,2017,
1593,Andorra,2017,91.56746674
1594,Angola,2017,26.0
1595,Antigua and Barbuda,2017,
1596,Argentina,2017,74.29490662
1597,Armenia,2017,64.74488068
1598,Aruba,2017,97.16999817
1599,Australia,2017,86.54505157
1600,Austria,2017,87.93558502
1601,Azerbaijan,2017,79.0
1602,Bahamas,2017,80.59999847
1603,Bahrain,2017,95.87813568
1604,Bangladesh,2017,19.79999924
1605,Barbados,2017,81.76078033
1606,Belarus,2017,74.43644714
1607,Belgium,2017,87.67967987
1608,Belize,2017,47.08262634
1609,Benin,2017,18.70000076
1610,Bermuda,2017,98.37000275
1611,Bhutan,2017,46.20000076
1612,Bolivia,2017,43.83227539
1613,Bosnia and Herzegovina,2017,64.89202118
1614,Botswana,2017,41.41379547
1615,Brazil,2017,67.47128296
1616,British Virgin Islands,2017,77.70426941
1617,Brunei,2017,94.86669159
1618,Bulgaria,2017,63.41010284
1619,Burkina Faso,2017,16.79999924
1620,Burundi,2017,2.660748482
1621,Cambodia,2017,32.90028
1622,Cameroon,2017,23.20297241
1623,Canada,2017,92.70137024
1624,Cape Verde,2017,57.16214752
1625,Cayman Islands,2017,81.06769562
1626,Central African Republic,2017,4.0
1627,Chad,2017,7.400000095
1628,Chile,2017,82.32748413
1629,China,2017,54.29999924
1630,Colombia,2017,62.25988007
1631,Comoros,2017,8.478170395
1632,Congo,2017,8.649999619
1633,Costa Rica,2017,71.58166504
1634,Cote d'Ivoire,2017,34.79999924
1635,Croatia,2017,67.09619141
1636,Cuba,2017,57.14840317
1637,Curacao,2017,68.12721252
1638,Cyprus,2017,80.74318695
1639,Czechia,2017,78.71916962
1640,Democratic Republic of Congo,2017,8.619904518
1641,Denmark,2017,97.09936523
1642,Djibouti,2017,55.68140793
1643,Dominica,2017,69.61966705
1644,Dominican Republic,2017,67.57124329
1645,East Asia and Pacific,2017,54.37322998
1646,Ecuador,2017,55.79999924
1647,Egypt,2017,44.95020294
1648,El Salvador,2017,33.8207283
1649,Equatorial Guinea,2017,26.23999977
1650,Eritrea,2017,1.308907032
1651,Estonia,2017,88.10245514
1652,Eswatini,2017,30.29999924
1653,Ethiopia,2017,18.61805153
1654,Europe and Central Asia,2017,74.52881622
1655,European Union,2017,78.683815
1656,Faeroe Islands,2017,97.58196259
1657,Fiji,2017,65.77999878
1658,Finland,2017,87.46892548
1659,France,2017,80.50245667
1660,French Polynesia,2017,72.70389557
1661,Gabon,2017,50.32012177
1662,Gambia,2017,25.10000038
1663,Georgia,2017,59.70550537
1664,Germany,2017,84.39415741
1665,Ghana,2017,37.88415146
1666,Gibraltar,2017,
1667,Greece,2017,69.89296722
1668,Greenland,2017,69.48246002
1669,Grenada,2017,54.20000076
1670,Guam,2017,80.50546265
1671,Guatemala,2017,37.90000153
1672,Guinea,2017,18.70000076
1673,Guinea-Bissau,2017,14.80000019
1674,Guyana,2017,37.32583618
1675,Haiti,2017,27.20000076
1676,High income,2017,85.77418518
1677,Honduras,2017,31.70000076
1678,Hong Kong,2017,89.41594696
1679,Hungary,2017,76.75054932
1680,Iceland,2017,98.25520325
1681,India,2017,18.20000076
1682,Indonesia,2017,32.3358078
1683,Iran,2017,64.04397583
1684,Iraq,2017,41.93999863
1685,Ireland,2017,84.11400604
1686,Israel,2017,81.58118439
1687,Italy,2017,63.0773468
1688,Jamaica,2017,55.07206726
1689,Japan,2017,91.72654724
1690,Jordan,2017,64.5
1691,Kazakhstan,2017,76.42675018
1692,Kenya,2017,17.82710075
1693,Kiribati,2017,23.39999962
1694,Kosovo,2017,83.89360046
1695,Kuwait,2017,97.99999237
1696,Kyrgyzstan,2017,38.19903946
1697,Laos,2017,25.5104351
1698,Latin America and Caribbean,2017,62.3446312
1699,Latvia,2017,80.11407471
1700,Lebanon,2017,78.1807785
1701,Lesotho,2017,39.0
1702,Liberia,2017,16.29999924
1703,Libya,2017,
1704,Liechtenstein,2017,99.5466156
1705,Lithuania,2017,77.61525726
1706,Low and middle income,2017,38.15324402
1707,Low income,2017,13.80006218
1708,Lower middle income,2017,26.56108665
1709,Luxembourg,2017,97.36296082
1710,Macao,2017,83.17408752
1711,Madagascar,2017,9.800000191
1712,Malawi,2017,7.0
1713,Malaysia,2017,80.14048004
1714,Maldives,2017,61.25
1715,Mali,2017,18.89999962
1716,Malta,2017,81.01190948
1717,Marshall Islands,2017,38.70116425
1718,Mauritania,2017,24.20000076
1719,Mauritius,2017,55.4032402
1720,Mexico,2017,63.85224915
1721,Micronesia (country),2017,35.30405426
1722,Middle East and North Africa,2017,56.63393021
1723,Middle income,2017,40.67497253
1724,Moldova,2017,76.12451935
1725,Monaco,2017,97.05297852
1726,Mongolia,2017,23.71426582
1727,Montenegro,2017,71.27233124
1728,Morocco,2017,61.76221085
1729,Mozambique,2017,7.800000191
1730,Myanmar,2017,23.62108231
1731,Namibia,2017,36.83740616
1732,Nauru,2017,62.38512421
1733,Nepal,2017,24.29999924
1734,Netherlands,2017,93.19728088
1735,New Caledonia,2017,82.00584412
1736,New Zealand,2017,87.69999695
1737,Nicaragua,2017,30.39999962
1738,Niger,2017,10.22431183
1739,Nigeria,2017,28.0
1740,North America,2017,87.82762909
1741,North Korea,2017,
1742,North Macedonia,2017,74.51682281
1743,Northern Mariana Islands,2017,
1744,Norway,2017,96.35760498
1745,Oman,2017,80.18563843
1746,Pakistan,2017,13.77999973
1747,Palau,2017,
1748,Palestine,2017,63.29999924
1749,Panama,2017,59.95063019
1750,Papua New Guinea,2017,11.20919704
1751,Paraguay,2017,61.07575607
1752,Peru,2017,50.45041275
1753,Philippines,2017,41.59999847
1754,Poland,2017,75.98536682
1755,Portugal,2017,73.79121399
1756,Puerto Rico,2017,68.74077606
1757,Qatar,2017,97.38884735
1758,Romania,2017,63.74728394
1759,Russia,2017,76.00814056
1760,Rwanda,2017,21.76763344
1761,Saint Kitts and Nevis,2017,80.71018982
1762,Saint Lucia,2017,46.0
1763,Saint Vincent and the Grenadines,2017,53.70000076
1764,Samoa,2017,33.61093903
1765,San Marino,2017,60.18230057
1766,Sao Tome and Principe,2017,29.93122864
1767,Saudi Arabia,2017,94.17559814
1768,Senegal,2017,29.64312363
1769,Serbia,2017,70.33083344
1770,Seychelles,2017,58.76980972
1771,Sierra Leone,2017,13.23693085
1772,Singapore,2017,84.45227051
1773,Slovakia,2017,81.62566376
1774,Slovenia,2017,78.88542938
1775,Solomon Islands,2017,11.92422867
1776,Somalia,2017,2.004048586
1777,South Africa,2017,56.16739273
1778,South Asia,2017,17.8888607
1779,South Korea,2017,95.06941986
1780,South Sudan,2017,4.099999905
1781,Spain,2017,84.60224915
1782,Sri Lanka,2017,21.29999924
1783,Sub-Saharan Africa,2017,20.83213043
1784,Sudan,2017,18.60000038
1785,Suriname,2017,48.94517517
1786,Sweden,2017,93.00626373
1787,Switzerland,2017,89.6861496
1788,Syria,2017,32.70000076
1789,Tajikistan,2017,21.95999908
1790,Tanzania,2017,15.99999905
1791,Thailand,2017,52.89192963
1792,Timor,2017,24.20000076
1793,Togo,2017,12.36022472
1794,Tonga,2017,41.24872589
1795,Trinidad and Tobago,2017,70.59999847
1796,Tunisia,2017,55.5001564
1797,Turkey,2017,64.68461609
1798,Turkmenistan,2017,21.25099754
1799,Turks and Caicos Islands,2017,
1800,Tuvalu,2017,35.20000076
1801,Uganda,2017,8.100000381
1802,Ukraine,2017,58.88948059
1803,United Arab Emirates,2017,94.8199234
1804,United Kingdom,2017,90.42455292
1805,United States,2017,87.27488708
1806,United States Virgin Islands,2017,64.37749481
1807,Upper middle income,2017,58.68130493
1808,Uruguay,2017,70.32235718
1809,Uzbekistan,2017,48.69999695
1810,Vanuatu,2017,25.7197876
1811,Venezuela,2017,61.59999847
1812,Vietnam,2017,58.13999939
1813,Yemen,2017,26.71835518
1814,Zambia,2017,12.19999981
1815,Zimbabwe,2017,24.39999962
1816,Afghanistan,2018,16.79999924
1817,Albania,2018,65.40000153
1818,Algeria,2018,49.03846741
1819,American Samoa,2018,
1820,Andorra,2018,
1821,Angola,2018,29.0
1822,Antigua and Barbuda,2018,
1823,Argentina,2018,77.69999695
1824,Armenia,2018,68.24504852
1825,Aruba,2018,
1826,Australia,2018,87.59999847
1827,Austria,2018,87.47913361
1828,Azerbaijan,2018,79.79999542
1829,Bahamas,2018,83.0
1830,Bahrain,2018,98.64467621
1831,Bangladesh,2018,21.79999924
1832,Barbados,2018,
1833,Belarus,2018,79.12989044
1834,Belgium,2018,88.6473465
1835,Belize,2018,49.79999924
1836,Benin,2018,19.0
1837,Bermuda,2018,
1838,Bhutan,2018,49.5
1839,Bolivia,2018,44.28614044
1840,Bosnia and Herzegovina,2018,70.12013245
1841,Botswana,2018,58.0
1842,Brazil,2018,70.4342804
1843,British Virgin Islands,2018,
1844,Brunei,2018,95.0
1845,Bulgaria,2018,64.78201294
1846,Burkina Faso,2018,17.39999962
1847,Burundi,2018,4.099999905
1848,Cambodia,2018,
1849,Cameroon,2018,29.70000076
1850,Canada,2018,94.63999939
1851,Cape Verde,2018,59.5
1852,Cayman Islands,2018,
1853,Central African Republic,2018,5.099999905
1854,Chad,2018,8.0
1855,Chile,2018,84.90000153
1856,China,2018,59.20000076
1857,Colombia,2018,64.12637329
1858,Comoros,2018,
1859,Congo,2018,
1860,Costa Rica,2018,73.4797287
1861,Cote d'Ivoire,2018,37.54653549
1862,Croatia,2018,75.29462433
1863,Cuba,2018,62.67892456
1864,Curacao,2018,
1865,Cyprus,2018,84.43358612
1866,Czechia,2018,80.68816376
1867,Democratic Republic of Congo,2018,11.69999981
1868,Denmark,2018,97.31920624
1869,Djibouti,2018,58.0
1870,Dominica,2018,
1871,Dominican Republic,2018,74.822052
1872,East Asia and Pacific,2018,59.51553726
1873,Ecuador,2018,57.5
1874,Egypt,2018,46.92433548
1875,El Salvador,2018,43.79999924
1876,Equatorial Guinea,2018,
1877,Eritrea,2018,
1878,Estonia,2018,89.35700989
1879,Eswatini,2018,
1880,Ethiopia,2018,20.0
1881,Europe and Central Asia,2018,78.92041016
1882,European Union,2018,81.7383728
1883,Faeroe Islands,2018,
1884,Fiji,2018,68.90000153
1885,Finland,2018,88.88996124
1886,France,2018,82.04319
1887,French Polynesia,2018,
1888,Gabon,2018,59.59999847
1889,Gambia,2018,32.59999847
1890,Georgia,2018,62.71790695
1891,Germany,2018,87.03710938
1892,Ghana,2018,43.0
1893,Gibraltar,2018,
1894,Greece,2018,72.2383728
1895,Greenland,2018,
1896,Grenada,2018,55.09999847
1897,Guam,2018,
1898,Guatemala,2018,41.5
1899,Guinea,2018,21.83002281
1900,Guinea-Bissau,2018,15.69999981
1901,Guyana,2018,
1902,Haiti,2018,32.473629
1903,High income,2018,87.48468018
1904,Honduras,2018,36.0
1905,Hong Kong,2018,90.50739288
1906,Hungary,2018,76.07436371
1907,Iceland,2018,99.01095581
1908,India,2018,20.08130074
1909,Indonesia,2018,39.9046402
1910,Iran,2018,70.20056152
1911,Iraq,2018,43.29999924
1912,Ireland,2018,87.00013733
1913,Israel,2018,83.7331543
1914,Italy,2018,74.38718414
1915,Jamaica,2018,68.21451569
1916,Japan,2018,91.27999878
1917,Jordan,2018,66.09999847
1918,Kazakhstan,2018,78.90391541
1919,Kenya,2018,19.5
1920,Kiribati,2018,29.39999962
1921,Kosovo,2018,89.44303131
1922,Kuwait,2018,99.59884644
1923,Kyrgyzstan,2018,42.79999924
1924,Laos,2018,29.10000038
1925,Latin America and Caribbean,2018,65.43800354
1926,Latvia,2018,83.57717133
1927,Lebanon,2018,80.90000153
1928,Lesotho,2018,40.79999924
1929,Liberia,2018,18.89999962
1930,Libya,2018,
1931,Liechtenstein,2018,
1932,Lithuania,2018,79.72257996
1933,Low and middle income,2018,42.06842041
1934,Low income,2018,16.28896904
1935,Lower middle income,2018,29.89668465
1936,Luxembourg,2018,97.06130219
1937,Macao,2018,83.79409027
1938,Madagascar,2018,15.0
1939,Malawi,2018,8.0
1940,Malaysia,2018,81.2010498
1941,Maldives,2018,62.06999969
1942,Mali,2018,21.39999962
1943,Malta,2018,81.65804291
1944,Marshall Islands,2018,
1945,Mauritania,2018,35.09999847
1946,Mauritius,2018,58.59616852
1947,Mexico,2018,65.77263641
1948,Micronesia (country),2018,
1949,Middle East and North Africa,2018,61.4442749
1950,Middle income,2018,44.49394226
1951,Moldova,2018,
1952,Monaco,2018,
1953,Mongolia,2018,47.13000107
1954,Montenegro,2018,71.51709747
1955,Morocco,2018,64.80386353
1956,Mozambique,2018,10.89999962
1957,Myanmar,2018,28.70000076
1958,Namibia,2018,40.0
1959,Nauru,2018,
1960,Nepal,2018,28.60000038
1961,Netherlands,2018,91.89189148
1962,New Caledonia,2018,
1963,New Zealand,2018,89.0
1964,Nicaragua,2018,37.59999847
1965,Niger,2018,
1966,Nigeria,2018,31.89999962
1967,North America,2018,89.12409973
1968,North Korea,2018,
1969,North Macedonia,2018,79.16775513
1970,Northern Mariana Islands,2018,
1971,Norway,2018,96.49166107
1972,Oman,2018,85.5
1973,Pakistan,2018,15.34000015
1974,Palau,2018,
1975,Palestine,2018,64.3999939
1976,Panama,2018,61.80553055
1977,Papua New Guinea,2018,
1978,Paraguay,2018,64.99354553
1979,Peru,2018,55.05433273
1980,Philippines,2018,44.09999847
1981,Poland,2018,77.54173279
1982,Portugal,2018,74.66096497
1983,Puerto Rico,2018,70.85639954
1984,Qatar,2018,99.65284729
1985,Romania,2018,70.68127441
1986,Russia,2018,80.86472321
1987,Rwanda,2018,25.0
1988,Saint Kitts and Nevis,2018,
1989,Saint Lucia,2018,48.29999924
1990,Saint Vincent and the Grenadines,2018,56.0
1991,Samoa,2018,
1992,San Marino,2018,
1993,Sao Tome and Principe,2018,31.89999962
1994,Saudi Arabia,2018,93.31000519
1995,Senegal,2018,35.29999924
1996,Serbia,2018,73.36071014
1997,Seychelles,2018,70.09999847
1998,Sierra Leone,2018,15.80000019
1999,Singapore,2018,88.16563416
2000,Slovakia,2018,80.4489212
2001,Slovenia,2018,79.74997711
2002,Solomon Islands,2018,
2003,Somalia,2018,
2004,South Africa,2018,62.40000153
2005,South Asia,2018,19.83763123
2006,South Korea,2018,96.02285767
2007,South Sudan,2018,4.800000191
2008,Spain,2018,86.10723877
2009,Sri Lanka,2018,26.0
2010,Sub-Saharan Africa,2018,24.71623421
2011,Sudan,2018,24.60000038
2012,Suriname,2018,53.79999924
2013,Sweden,2018,89.2469635
2014,Switzerland,2018,91.80000305
2015,Syria,2018,33.77000046
2016,Tajikistan,2018,
2017,Tanzania,2018,19.0
2018,Thailand,2018,56.81748199
2019,Timor,2018,27.60000038
2020,Togo,2018,15.5
2021,Tonga,2018,
2022,Trinidad and Tobago,2018,
2023,Tunisia,2018,64.19081116
2024,Turkey,2018,71.04276276
2025,Turkmenistan,2018,
2026,Turks and Caicos Islands,2018,
2027,Tuvalu,2018,
2028,Uganda,2018,10.89999962
2029,Ukraine,2018,62.55315399
2030,United Arab Emirates,2018,98.45000458
2031,United Kingdom,2018,90.69200897
2032,United States,2018,88.49890137
2033,United States Virgin Islands,2018,
2034,Upper middle income,2018,63.11425781
2035,Uruguay,2018,80.72684479
2036,Uzbekistan,2018,55.20000076
2037,Vanuatu,2018,
2038,Venezuela,2018,
2039,Vietnam,2018,69.84793091
2040,Yemen,2018,
2041,Zambia,2018,14.29999733
2042,Zimbabwe,2018,25.0
2043,Afghanistan,2019,17.60000038
2044,Albania,2019,68.55039215
2045,Algeria,2019,57.90000153
2046,American Samoa,2019,
2047,Andorra,2019,
2048,Angola,2019,32.40000153
2049,Antigua and Barbuda,2019,
2050,Argentina,2019,79.90000153
2051,Armenia,2019,66.54395294
2052,Aruba,2019,
2053,Australia,2019,88.59999847
2054,Austria,2019,87.7522049
2055,Azerbaijan,2019,81.09999847
2056,Bahamas,2019,85.0
2057,Bahrain,2019,99.70149231
2058,Bangladesh,2019,23.79999924
2059,Barbados,2019,
2060,Belarus,2019,82.78915405
2061,Belgium,2019,90.27542877
2062,Belize,2019,50.79999924
2063,Benin,2019,22.39999962
2064,Bermuda,2019,
2065,Bhutan,2019,53.5
2066,Bolivia,2019,47.47481918
2067,Bosnia and Herzegovina,2019,69.9463501
2068,Botswana,2019,61.0
2069,Brazil,2019,73.91243744
2070,British Virgin Islands,2019,
2071,Brunei,2019,95.0
2072,Bulgaria,2019,67.94698334
2073,Burkina Faso,2019,18.0
2074,Burundi,2019,6.199999809
2075,Cambodia,2019,
2076,Cameroon,2019,33.5
2077,Canada,2019,96.5
2078,Cape Verde,2019,61.94339752
2079,Cayman Islands,2019,
2080,Central African Republic,2019,8.300000191
2081,Chad,2019,9.800000191
2082,Chile,2019,86.09999847
2083,China,2019,64.10984039
2084,Colombia,2019,65.00689697
2085,Comoros,2019,
2086,Congo,2019,
2087,Costa Rica,2019,81.20259857
2088,Cote d'Ivoire,2019,36.28895569
2089,Croatia,2019,79.07978058
2090,Cuba,2019,67.97080994
2091,Curacao,2019,
2092,Cyprus,2019,86.06362915
2093,Czechia,2019,80.86694336
2094,Democratic Republic of Congo,2019,12.5
2095,Denmark,2019,98.0464325
2096,Djibouti,2019,59.0
2097,Dominica,2019,
2098,Dominican Republic,2019,75.80000305
2099,East Asia and Pacific,2019,63.94029617
2100,Ecuador,2019,61.59999847
2101,Egypt,2019,57.28286743
2102,El Salvador,2019,50.49119186
2103,Equatorial Guinea,2019,
2104,Eritrea,2019,
2105,Estonia,2019,90.22892761
2106,Eswatini,2019,
2107,Ethiopia,2019,22.0
2108,Europe and Central Asia,2019,81.823349
2109,European Union,2019,83.84421539
2110,Faeroe Islands,2019,
2111,Fiji,2019,
2112,Finland,2019,89.60738373
2113,France,2019,83.33974457
2114,French Polynesia,2019,
2115,Gabon,2019,61.0
2116,Gambia,2019,34.5
2117,Georgia,2019,68.84670258
2118,Germany,2019,88.13451385
2119,Ghana,2019,53.0
2120,Gibraltar,2019,
2121,Greece,2019,75.67120361
2122,Greenland,2019,
2123,Grenada,2019,56.0
2124,Guam,2019,
2125,Guatemala,2019,44.40105057
2126,Guinea,2019,23.0
2127,Guinea-Bissau,2019,19.39999962
2128,Guyana,2019,
2129,Haiti,2019,33.29999924
2130,High income,2019,89.04125214
2131,Honduras,2019,39.38835144
2132,Hong Kong,2019,91.74340057
2133,Hungary,2019,80.37169647
2134,Iceland,2019,99.0
2135,India,2019,29.39999962
2136,Indonesia,2019,47.69064713
2137,Iran,2019,77.77083588
2138,Iraq,2019,60.0
2139,Ireland,2019,87.00005341
2140,Israel,2019,86.78787994
2141,Italy,2019,76.09999847
2142,Jamaica,2019,
2143,Japan,2019,92.73040009
2144,Jordan,2019,
2145,Kazakhstan,2019,81.87761688
2146,Kenya,2019,22.56511879
2147,Kiribati,2019,36.90000153
2148,Kosovo,2019,
2149,Kuwait,2019,99.54267883
2150,Kyrgyzstan,2019,51.0
2151,Laos,2019,30.84000015
2152,Latin America and Caribbean,2019,68.72758484
2153,Latvia,2019,86.1354599
2154,Lebanon,2019,80.90000153
2155,Lesotho,2019,42.30173492
2156,Liberia,2019,22.0
2157,Libya,2019,
2158,Liechtenstein,2019,
2159,Lithuania,2019,81.58187103
2160,Low and middle income,2019,47.28250885
2161,Low income,2019,18.17598152
2162,Lower middle income,2019,36.22880173
2163,Luxembourg,2019,97.12063599
2164,Macao,2019,86.46792603
2165,Madagascar,2019,
2166,Malawi,2019,9.899999619
2167,Malaysia,2019,84.18714142
2168,Maldives,2019,62.5
2169,Mali,2019,24.20000076
2170,Malta,2019,85.77856445
2171,Marshall Islands,2019,
2172,Mauritania,2019,36.70000076
2173,Mauritius,2019,61.72995377
2174,Mexico,2019,70.06990814
2175,Micronesia (country),2019,
2176,Middle East and North Africa,2019,69.28152466
2177,Middle income,2019,49.93650818
2178,Moldova,2019,
2179,Monaco,2019,
2180,Mongolia,2019,51.0799942
2181,Montenegro,2019,73.47666931
2182,Morocco,2019,74.37631226
2183,Mozambique,2019,15.10000038
2184,Myanmar,2019,34.90000153
2185,Namibia,2019,40.5
2186,Nauru,2019,
2187,Nepal,2019,32.79999924
2188,Netherlands,2019,93.28858948
2189,New Caledonia,2019,
2190,New Zealand,2019,90.19999695
2191,Nicaragua,2019,37.79999924
2192,Niger,2019,
2193,Nigeria,2019,33.59999847
2194,North America,2019,90.15198517
2195,North Korea,2019,
2196,North Macedonia,2019,81.41287994
2197,Northern Mariana Islands,2019,
2198,Norway,2019,98.00000763
2199,Oman,2019,90.30000305
2200,Pakistan,2019,17.07090187
2201,Palau,2019,
2202,Palestine,2019,70.62258148
2203,Panama,2019,63.62841415
2204,Papua New Guinea,2019,
2205,Paraguay,2019,68.51763153
2206,Peru,2019,59.95050049
2207,Philippines,2019,43.02661133
2208,Poland,2019,80.43590546
2209,Portugal,2019,75.34637451
2210,Puerto Rico,2019,77.73644257
2211,Qatar,2019,99.65280151
2212,Romania,2019,73.65747833
2213,Russia,2019,82.64215851
2214,Rwanda,2019,26.0
2215,Saint Kitts and Nevis,2019,
2216,Saint Lucia,2019,50.70000076
2217,Saint Vincent and the Grenadines,2019,
2218,Samoa,2019,
2219,San Marino,2019,
2220,Sao Tome and Principe,2019,32.0
2221,Saudi Arabia,2019,95.72473907
2222,Senegal,2019,39.5
2223,Serbia,2019,77.41677094
2224,Seychelles,2019,75.0
2225,Sierra Leone,2019,16.79999924
2226,Singapore,2019,88.94924927
2227,Slovakia,2019,82.85366058
2228,Slovenia,2019,83.10836029
2229,Solomon Islands,2019,
2230,Somalia,2019,
2231,South Africa,2019,68.19999695
2232,South Asia,2019,27.27102661
2233,South Korea,2019,96.15757751
2234,South Sudan,2019,5.599999905
2235,Spain,2019,90.71866608
2236,Sri Lanka,2019,29.0
2237,Sub-Saharan Africa,2019,27.33539391
2238,Sudan,2019,25.89999962
2239,Suriname,2019,68.75
2240,Sweden,2019,94.49344635
2241,Switzerland,2019,93.14608765
2242,Syria,2019,34.65000153
2243,Tajikistan,2019,
2244,Tanzania,2019,20.0
2245,Thailand,2019,66.65242004
2246,Timor,2019,29.0
2247,Togo,2019,19.29999924
2248,Tonga,2019,
2249,Trinidad and Tobago,2019,
2250,Tunisia,2019,66.69999695
2251,Turkey,2019,73.97669983
2252,Turkmenistan,2019,
2253,Turks and Caicos Islands,2019,
2254,Tuvalu,2019,
2255,Uganda,2019,14.69999981
2256,Ukraine,2019,70.12484741
2257,United Arab Emirates,2019,99.15000153
2258,United Kingdom,2019,92.51663208
2259,United States,2019,89.43028259
2260,United States Virgin Islands,2019,
2261,Upper middle income,2019,67.65450287
2262,Uruguay,2019,83.35153198
2263,Uzbekistan,2019,70.40000153
2264,Vanuatu,2019,
2265,Venezuela,2019,
2266,Vietnam,2019,68.66158295
2267,Yemen,2019,
2268,Zambia,2019,16.79999924
2269,Zimbabwe,2019,25.10000038
2270,Afghanistan,2020,18.39999962
2271,Albania,2020,72.23999786
2272,Algeria,2020,62.90000153
2273,American Samoa,2020,
2274,Andorra,2020,
2275,Angola,2020,36.0
2276,Antigua and Barbuda,2020,
2277,Argentina,2020,85.5
2278,Armenia,2020,76.51000214
2279,Aruba,2020,
2280,Australia,2020,89.59999847
2281,Austria,2020,87.52942657
2282,Azerbaijan,2020,84.59999847
2283,Bahamas,2020,87.0
2284,Bahrain,2020,99.66999817
2285,Bangladesh,2020,24.79999924
2286,Barbados,2020,
2287,Belarus,2020,85.08999634
2288,Belgium,2020,91.52641296
2289,Belize,2020,
2290,Benin,2020,25.79999924
2291,Bermuda,2020,
2292,Bhutan,2020,53.5
2293,Bolivia,2020,59.94010162
2294,Bosnia and Herzegovina,2020,73.20999908
2295,Botswana,2020,64.0
2296,Brazil,2020,81.34269714
2297,British Virgin Islands,2020,
2298,Brunei,2020,95.0
2299,Bulgaria,2020,70.16000366
2300,Burkina Faso,2020,22.0
2301,Burundi,2020,9.399999619
2302,Cambodia,2020,
2303,Cameroon,2020,37.79999924
2304,Canada,2020,96.97000122
2305,Cape Verde,2020,64.5
2306,Cayman Islands,2020,
2307,Central African Republic,2020,10.39999962
2308,Chad,2020,10.39999962
2309,Chile,2020,88.30000305
2310,China,2020,70.40477753
2311,Colombia,2020,69.79000092
2312,Comoros,2020,
2313,Congo,2020,
2314,Costa Rica,2020,80.53018951
2315,Cote d'Ivoire,2020,
2316,Croatia,2020,78.32093048
2317,Cuba,2020,74.0
2318,Curacao,2020,
2319,Cyprus,2020,90.80194855
2320,Czechia,2020,81.33889771
2321,Democratic Republic of Congo,2020,13.60000038
2322,Denmark,2020,96.54914856
2323,Djibouti,2020,59.0
2324,Dominica,2020,
2325,Dominican Republic,2020,76.90000153
2326,East Asia and Pacific,2020,69.21808624
2327,Ecuador,2020,64.59999847
2328,Egypt,2020,71.91419983
2329,El Salvador,2020,54.60137177
2330,Equatorial Guinea,2020,
2331,Eritrea,2020,
2332,Estonia,2020,89.05828857
2333,Eswatini,2020,
2334,Ethiopia,2020,24.0
2335,Europe and Central Asia,2020,83.88905334
2336,European Union,2020,84.74347687
2337,Faeroe Islands,2020,
2338,Fiji,2020,
2339,Finland,2020,92.16999817
2340,France,2020,84.80000305
2341,French Polynesia,2020,
2342,Gabon,2020,62.0
2343,Gambia,2020,36.5
2344,Georgia,2020,72.53158569
2345,Germany,2020,89.8129425
2346,Ghana,2020,58.0
2347,Gibraltar,2020,
2348,Greece,2020,78.11584473
2349,Greenland,2020,
2350,Grenada,2020,56.90000153
2351,Guam,2020,
2352,Guatemala,2020,49.97000122
2353,Guinea,2020,26.0
2354,Guinea-Bissau,2020,22.89999962
2355,Guyana,2020,
2356,Haiti,2020,34.5
2357,High income,2020,89.82161713
2358,Honduras,2020,42.04999924
2359,Hong Kong,2020,92.41313934
2360,Hungary,2020,84.77114868
2361,Iceland,2020,99.0
2362,India,2020,43.0
2363,Indonesia,2020,53.72649384
2364,Iran,2020,84.11087036
2365,Iraq,2020,
2366,Ireland,2020,91.99989319
2367,Israel,2020,90.12734222
2368,Italy,2020,70.48342896
2369,Jamaica,2020,
2370,Japan,2020,90.21945953
2371,Jordan,2020,
2372,Kazakhstan,2020,85.94259644
2373,Kenya,2020,29.5
2374,Kiribati,2020,38.0
2375,Kosovo,2020,
2376,Kuwait,2020,99.10588074
2377,Kyrgyzstan,2020,
2378,Laos,2020,33.79999924
2379,Latin America and Caribbean,2020,73.68558502
2380,Latvia,2020,88.90000153
2381,Lebanon,2020,84.09999847
2382,Lesotho,2020,43.0
2383,Liberia,2020,25.60000038
2384,Libya,2020,
2385,Liechtenstein,2020,
2386,Lithuania,2020,83.05554962
2387,Low and middle income,2020,54.17268372
2388,Low income,2020,20.61533356
2389,Lower middle income,2020,44.87673187
2390,Luxembourg,2020,98.82242584
2391,Macao,2020,88.09999847
2392,Madagascar,2020,
2393,Malawi,2020,
2394,Malaysia,2020,89.55501556
2395,Maldives,2020,62.93000031
2396,Mali,2020,27.39999962
2397,Malta,2020,86.85876465
2398,Marshall Islands,2020,
2399,Mauritania,2020,40.79999924
2400,Mauritius,2020,64.88490295
2401,Mexico,2020,71.96819305
2402,Micronesia (country),2020,
2403,Middle East and North Africa,2020,77.83233643
2404,Middle income,2020,57.21282196
2405,Moldova,2020,
2406,Monaco,2020,
2407,Mongolia,2020,62.5000267
2408,Montenegro,2020,77.60879517
2409,Morocco,2020,84.12036133
2410,Mozambique,2020,16.5
2411,Myanmar,2020,35.09999847
2412,Namibia,2020,41.0
2413,Nauru,2020,
2414,Nepal,2020,37.70000076
2415,Netherlands,2020,91.33333588
2416,New Caledonia,2020,
2417,New Zealand,2020,91.5
2418,Nicaragua,2020,45.20000076
2419,Niger,2020,
2420,Nigeria,2020,35.5
2421,North America,2020,91.52128601
2422,North Korea,2020,
2423,North Macedonia,2020,81.40554047
2424,Northern Mariana Islands,2020,
2425,Norway,2020,97.0
2426,Oman,2020,95.23000336
2427,Pakistan,2020,25.0
2428,Palau,2020,
2429,Palestine,2020,74.59999847
2430,Panama,2020,64.25
2431,Papua New Guinea,2020,
2432,Paraguay,2020,73.9575119
2433,Peru,2020,65.25
2434,Philippines,2020,49.79999924
2435,Poland,2020,83.18489075
2436,Portugal,2020,78.26165771
2437,Puerto Rico,2020,
2438,Qatar,2020,99.65284729
2439,Romania,2020,78.45526886
2440,Russia,2020,84.99466705
2441,Rwanda,2020,26.5
2442,Saint Kitts and Nevis,2020,
2443,Saint Lucia,2020,53.29999924
2444,Saint Vincent and the Grenadines,2020,
2445,Samoa,2020,
2446,San Marino,2020,
2447,Sao Tome and Principe,2020,33.0
2448,Saudi Arabia,2020,97.86000061
2449,Senegal,2020,42.59999847
2450,Serbia,2020,78.36804199
2451,Seychelles,2020,79.0
2452,Sierra Leone,2020,18.0
2453,Singapore,2020,92.00434875
2454,Slovakia,2020,89.92090607
2455,Slovenia,2020,86.6013031
2456,Solomon Islands,2020,
2457,Somalia,2020,
2458,South Africa,2020,70.0
2459,South Asia,2020,38.56237411
2460,South Korea,2020,96.50505829
2461,South Sudan,2020,6.5
2462,Spain,2020,93.20565033
2463,Sri Lanka,2020,35.0
2464,Sub-Saharan Africa,2020,30.04261971
2465,Sudan,2020,28.39999962
2466,Suriname,2020,70.05999756
2467,Sweden,2020,94.53942871
2468,Switzerland,2020,94.19999695
2469,Syria,2020,35.77999878
2470,Tajikistan,2020,
2471,Tanzania,2020,22.0
2472,Thailand,2020,77.84374237
2473,Timor,2020,29.10000038
2474,Togo,2020,24.0
2475,Tonga,2020,
2476,Trinidad and Tobago,2020,
2477,Tunisia,2020,71.90000153
2478,Turkey,2020,77.66999817
2479,Turkmenistan,2020,
2480,Turks and Caicos Islands,2020,
2481,Tuvalu,2020,
2482,Uganda,2020,19.89999962
2483,Ukraine,2020,75.03791046
2484,United Arab Emirates,2020,100.0
2485,United Kingdom,2020,94.81819916
2486,United States,2020,90.90000153
2487,United States Virgin Islands,2020,
2488,Upper middle income,2020,73.37981415
2489,Uruguay,2020,86.09999847
2490,Uzbekistan,2020,71.09999847
2491,Vanuatu,2020,
2492,Venezuela,2020,
2493,Vietnam,2020,70.30000305
2494,Yemen,2020,
2495,Zambia,2020,19.79999924
2496,Zimbabwe,2020,29.29999924
